Product URL,Product Name,Product Price,Rating,Number of Reviews,Description,ASIN,Product Description,Manufacturer
https://www.amazon.in/b/ref=sxts_spks_0_0_5b47f725-4fa5-48ae-98f9-662935e233b4?node=21102587031&pd_rd_w=rlv47&content-id=amzn1.sym.5b47f725-4fa5-48ae-98f9-662935e233b4:amzn1.sym.5b47f725-4fa5-48ae-98f9-662935e233b4&pf_rd_p=5b47f725-4fa5-48ae-98f9-662935e233b4&pf_rd_r=VXY0M4ATVCTVPZA17YEJ&pd_rd_wg=IGu0P&pd_rd_r=b5c9b6c6-1ae7-4401-bbfb-1e333195e07f&qid=1685107746,N/A,N/A,N/A,N/A,N/A,N/A,N/A,N/A
N/A,N/A,N/A,N/A,N/A,N/A,N/A,N/A,N/A
https://www.amazon.in/Wesley-Milestone-Waterproof-Backpack-Business/dp/B084JGJ8PF,Wesley Milestone 2.0 Casual Waterproof Laptop Backpack/Office Bag/School Bag/College Bag/Business Bag/Travel Backpack (Dimensions:13x18 inches) (Compatible with 39.62cm(15.6inch laptop) 30 L (Blue & black),? 598,4.3 out of 5 stars,"10,944",N/A,N/A,N/A,N/A
https://www.amazon.in/American-Tourister-AMT-SCH-02/dp/B07CJCGM1M,American Tourister 32 Ltrs Black Casual Backpack (AMT FIZZ SCH BAG 02 - BLACK),"? 1,199",4.0 out of 5 stars,More Like This,American Tourister 32 Ltrs Black Casual Backpack (AMT FIZZ SCH BAG 02 - BLACK),N/A,N/A,Visit the American Tourister Store
https://www.amazon.in/Skybags-Brat-Black-Casual-Backpack/dp/B08Z1HHHTD,Skybags Brat Black 46 Cms Casual Backpack,? 669,4.1 out of 5 stars,More Like This,Skybags Brat Black 46 Cms Casual Backpack,N/A,"Ideal for a college student who does not carry a lot of books or laptop to college. Very stylish, slim and feature loaded Backpack",Visit the Skybags Store
https://www.amazon.in/School-Backpack-Cartoon-Travel-Toddler/dp/B08WWG91Q3?sbo=RZvfv%2F%2FHxDF%2BO5021pAnSA%3D%3D,N/A,? 448,4.0 out of 5 stars,Amazon’s private and select curated brands,N/A,N/A,N/A,N/A
https://www.amazon.in/School-Backpack-Cartoon-Travel-Toddler/dp/B08WWG91Q3?sbo=RZvfv%2F%2FHxDF%2BO5021pAnSA%3D%3D,N/A,? 448,4.0 out of 5 stars,More Like This,N/A,N/A,N/A,N/A
https://www.amazon.in/MosQuick%C2%AE-Drawstring-Organizing-Stationery-multipurpose/dp/B09SB42QFQ?sbo=EO%2BcdOgoisx3waG5xqcZQA%3D%3D,N/A,? 294,4.2 out of 5 stars,58,N/A,N/A,N/A,N/A
https://www.amazon.in/Backpack-Toddler-Animal-Cartoon-Travel/dp/B09H3H3898?sbo=RZvfv%2F%2FHxDF%2BO5021pAnSA%3D%3D,N/A,? 298,4.1 out of 5 stars,85,N/A,N/A,N/A,N/A
https://www.amazon.in/Blue-Tree-Velvet-Nursery-Travelling/dp/B07XJHP2C7?sbo=RZvfv%2F%2FHxDF%2BO5021pAnSA%3D%3D,N/A,? 298,4.1 out of 5 stars,More Like This,N/A,N/A,N/A,N/A
https://www.amazon.in/Amazon-Brand-Canvas-printed-stylish/dp/B0BX3PW42J?sbo=RZvfv%2F%2FHxDF%2BO5021pAnSA%3D%3D,N/A,? 349,4.5 out of 5 stars,2,N/A,N/A,N/A,N/A
https://www.amazon.in/School-Backpack-Cartoon-Travel-Toddler/dp/B08WWTHLTF?sbo=RZvfv%2F%2FHxDF%2BO5021pAnSA%3D%3D,N/A,? 415,5.0 out of 5 stars,More Like This,N/A,N/A,N/A,N/A
https://www.amazon.in/AmazonBasics-Foldable-Travel-Duffel-27-inch/dp/B01J24HEE4?sbo=RZvfv%2F%2FHxDF%2BO5021pAnSA%3D%3D,N/A,"? 1,699",4.4 out of 5 stars,More Like This,N/A,N/A,N/A,N/A
https://www.amazon.in/Blue-Tree-Backpack-Cartoon-Spiderman/dp/B08YP5HQVP?sbo=RZvfv%2F%2FHxDF%2BO5021pAnSA%3D%3D,N/A,? 415,5.0 out of 5 stars,More Like This,N/A,N/A,N/A,N/A
N/A,N/A,N/A,N/A,N/A,N/A,N/A,N/A,N/A
https://www.amazon.in/ADISA-Laptop-Backpack-Office-College/dp/B09TPX22NF,ADISA 15.6 inch Laptop Backpack Office Bag College Travel Back Pack 32 Ltrs (z-Navy Blue),? 499,3.9 out of 5 stars,806,N/A,N/A,N/A,N/A
https://www.amazon.in/American-Tourister-BACKPACK-COMPARTMENT-ORGANIZER/dp/B0BTD4FK9G,"American Tourister VALEX BLUE LAPTOP BACKPACK 28 Ltrs,Volume, LAPTOP COMPARTMENT, BOTTLE POCKET, FRONT ORGANIZER","? 1,299",4.2 out of 5 stars,More Like This,N/A,N/A,N/A,N/A
https://www.amazon.in/Number-Backpack-Compartment-Charging-Organizer/dp/B09VTDMRY7,"FUR JADEN Anti Theft Number Lock Backpack Bag with 15.6 Inch Laptop Compartment, USB Charging Port & Organizer Pocket for Men Women Boys Girls",? 699,4.0 out of 5 stars,More Like This,N/A,N/A,N/A,N/A
https://www.amazon.in/Number-Backpack-Compartment-Charging-Organizer/dp/B09VTCNN75,"FUR JADEN Anti Theft Number Lock Backpack Bag with 15.6 Inch Laptop Compartment, USB Charging Port & Organizer Pocket for Men Women Boys Girls",? 699,4.0 out of 5 stars,More Like This,N/A,N/A,N/A,N/A
https://www.amazon.in/SAFARI-Ltrs-Casual-Backpack-DAYPACKNEO15CBSEB/dp/B07Q7CNPMV,SAFARI 15 Ltrs Sea Blue Casual/School/College Backpack (DAYPACKNEO15CBSEB),? 248,4.0 out of 5 stars,"19,042",SAFARI 15 Ltrs Sea Blue Casual/School/College Backpack (DAYPACKNEO15CBSEB),N/A,"Be it your short trips or your daily travel across the city, daypack has got you covered. With a 15 litre capacity daypack lets you carry your wallet, umbrella, kerchief, keys, earphones, Notepad, pens and other Essentials. The drawstring compartment lets you dump things that you pick up on your way. Compact Size and 2 Compartment.",Visit the Safari Store
https://www.amazon.in/American-Tourister-BACKPACK-COMPARTMENT-ORGANIZER/dp/B0BTD4S4XF,"American Tourister VALEX BLACK LAPTOP BACKPACK 28 Ltrs,Volume, LAPTOP COMPARTMENT, BOTTLE POCKET, FRONT ORGANIZER","? 1,299",4.3 out of 5 stars,More Like This,N/A,N/A,N/A,N/A
https://www.amazon.in/Half-Moon-Resistant-Backpack-Compartment/dp/B0BJ32LQ6X,Half Moon Large 37L Laptop Bag Backpack for menं Women Boys and Girls Luggage Travel Bags with 17.3 inches Laptop Compartment & Rain Cover,? 749,3.9 out of 5 stars,More Like This,N/A,N/A,N/A,N/A
N/A,N/A,N/A,N/A,N/A,N/A,N/A,N/A,N/A
https://www.amazon.in/FUR-JADEN-Leatherette-Polypropylene-DUFF05/dp/B07M9BRCQ5,Fur Jaden Brown Textured Leatherette Stylish & Spacious Weekender Duffle Bag for Travel,? 899,4.3 out of 5 stars,More Like This,N/A,N/A,N/A,N/A
https://www.amazon.in/TRUE-HUMAN-Anti-Theft-backpack-charging/dp/B09QJ7ZF2Y,"TRUE HUMAN Emperor Anti-Theft backpack With USB charging Port Laptop Bag, Office bag, college bag and anti -theft back pocket (Black)",? 599,3.8 out of 5 stars,More Like This,"TRUE HUMAN Emperor Anti-Theft backpack With USB charging Port Laptop Bag, Office bag, college bag and anti -theft back pocket (Black)",N/A,N/A,Visit the TRUE HUMAN Store
https://www.amazon.in/Safari-45L-21-OB-BLK/dp/B07BZ5VC4H,Safari Seek 45 Ltrs Overnighter Expandable Travel Laptop Backpack,"? 1,999",4.5 out of 5 stars,More Like This,N/A,N/A,N/A,N/A
https://www.amazon.in/Half-Moon-Waterproof-Backpack-Students/dp/B085MHDJ93,"Half Moon 35L Water Resistant 15.6 inch Laptop Bag for Men/Backpack for Men, Navy Blue | Office Bag for Men/Office Bag for Women with Padded Laptop Compartment | Rain Cover & Reflective Strips",? 529,3.9 out of 5 stars,More Like This,N/A,N/A,N/A,N/A
https://www.amazon.in/Wesley-Spartan-Hiking-Raincover-Organiser/dp/B098QFF5TJ,Wesley Spartan Unisex Travel Hiking Laptop Bag fits Upto 17.3 inch with Raincover and Internal Organiser Backpack Rucksack College Bag,? 698,4.1 out of 5 stars,"1,279",N/A,N/A,N/A,N/A
https://www.amazon.in/Lunars-Bingo-Laptop-Resistant-48L/dp/B08YZ8FFBZ,Lunar's Bingo - 48 L Laptop Office/School/Travel/Business Backpack Water Resistant - Fits Up to 15.6 Inch Laptop Notebook with 1 Year Warranty,? 899,3.9 out of 5 stars,More Like This,N/A,N/A,N/A,N/A
N/A,N/A,N/A,N/A,bags for girls,N/A,N/A,N/A,N/A
N/A,N/A,N/A,N/A,N/A,N/A,N/A,N/A,N/A
N/A,N/A,N/A,N/A,or,N/A,N/A,N/A,N/A
https://www.amazon.in/b/ref=sxts_spks_0_0_dbb31dc2-f6c4-487f-9f15-03751dec7efa?node=21102587031&pd_rd_w=rY1G1&content-id=amzn1.sym.dbb31dc2-f6c4-487f-9f15-03751dec7efa:amzn1.sym.dbb31dc2-f6c4-487f-9f15-03751dec7efa&pf_rd_p=dbb31dc2-f6c4-487f-9f15-03751dec7efa&pf_rd_r=GQEY228B1TPFVA2WTKZ5&pd_rd_wg=biEe6&pd_rd_r=f45baee8-d550-4f87-91e9-b791f18722ed&qid=1685107762,N/A,N/A,N/A,N/A,N/A,N/A,N/A,N/A
N/A,N/A,N/A,N/A,N/A,N/A,N/A,N/A,N/A
https://www.amazon.in/Wesley-Milestone-Waterproof-Backpack-Business/dp/B084JGJ8PF,Wesley Milestone 2.0 Casual Waterproof Laptop Backpack/Office Bag/School Bag/College Bag/Business Bag/Travel Backpack (Dimensions:13x18 inches) (Compatible with 39.62cm(15.6inch laptop) 30 L (Blue & black),? 598,4.3 out of 5 stars,"10,944",N/A,N/A,N/A,N/A
https://www.amazon.in/American-Tourister-AMT-SCH-02/dp/B07CJCGM1M,American Tourister 32 Ltrs Black Casual Backpack (AMT FIZZ SCH BAG 02 - BLACK),"? 1,199",4.0 out of 5 stars,More Like This,American Tourister 32 Ltrs Black Casual Backpack (AMT FIZZ SCH BAG 02 - BLACK),N/A,N/A,Visit the American Tourister Store
https://www.amazon.in/Skybags-Brat-Black-Casual-Backpack/dp/B08Z1HHHTD,Skybags Brat Black 46 Cms Casual Backpack,? 669,4.1 out of 5 stars,More Like This,N/A,N/A,N/A,N/A
https://www.amazon.in/School-Backpack-Cartoon-Travel-Toddler/dp/B08WWG91Q3?sbo=RZvfv%2F%2FHxDF%2BO5021pAnSA%3D%3D,N/A,? 448,4.0 out of 5 stars,Amazon’s private and select curated brands,N/A,N/A,N/A,N/A
https://www.amazon.in/School-Backpack-Cartoon-Travel-Toddler/dp/B08WWG91Q3?sbo=RZvfv%2F%2FHxDF%2BO5021pAnSA%3D%3D,N/A,? 448,4.0 out of 5 stars,More Like This,N/A,N/A,N/A,N/A
https://www.amazon.in/MosQuick%C2%AE-Drawstring-Organizing-Stationery-multipurpose/dp/B09SB42QFQ?sbo=EO%2BcdOgoisx3waG5xqcZQA%3D%3D,N/A,? 294,4.2 out of 5 stars,58,N/A,N/A,N/A,N/A
https://www.amazon.in/Backpack-Toddler-Animal-Cartoon-Travel/dp/B09H3H3898?sbo=RZvfv%2F%2FHxDF%2BO5021pAnSA%3D%3D,N/A,? 298,4.1 out of 5 stars,85,N/A,N/A,N/A,N/A
https://www.amazon.in/Blue-Tree-Velvet-Nursery-Travelling/dp/B07XJHP2C7?sbo=RZvfv%2F%2FHxDF%2BO5021pAnSA%3D%3D,N/A,? 298,4.1 out of 5 stars,More Like This,N/A,N/A,N/A,N/A
https://www.amazon.in/Amazon-Brand-Canvas-printed-stylish/dp/B0BX3PW42J?sbo=RZvfv%2F%2FHxDF%2BO5021pAnSA%3D%3D,N/A,? 349,4.5 out of 5 stars,2,N/A,N/A,N/A,N/A
https://www.amazon.in/School-Backpack-Cartoon-Travel-Toddler/dp/B08WWTHLTF?sbo=RZvfv%2F%2FHxDF%2BO5021pAnSA%3D%3D,N/A,? 415,5.0 out of 5 stars,More Like This,N/A,N/A,N/A,N/A
https://www.amazon.in/AmazonBasics-Foldable-Travel-Duffel-27-inch/dp/B01J24HEE4?sbo=RZvfv%2F%2FHxDF%2BO5021pAnSA%3D%3D,N/A,"? 1,699",4.4 out of 5 stars,More Like This,N/A,N/A,N/A,N/A
https://www.amazon.in/Blue-Tree-Backpack-Cartoon-Spiderman/dp/B08YP5HQVP?sbo=RZvfv%2F%2FHxDF%2BO5021pAnSA%3D%3D,N/A,? 415,5.0 out of 5 stars,More Like This,N/A,N/A,N/A,N/A
N/A,N/A,N/A,N/A,N/A,N/A,N/A,N/A,N/A
https://www.amazon.in/ADISA-Laptop-Backpack-Office-College/dp/B09TPX22NF,ADISA 15.6 inch Laptop Backpack Office Bag College Travel Back Pack 32 Ltrs (z-Navy Blue),? 499,3.9 out of 5 stars,806,ADISA 15.6 inch Laptop Backpack Office Bag College Travel Back Pack 32 Ltrs (z-Navy Blue),N/A,N/A,Visit the ADISA Store
https://www.amazon.in/American-Tourister-BACKPACK-COMPARTMENT-ORGANIZER/dp/B0BTD4FK9G,"American Tourister VALEX BLUE LAPTOP BACKPACK 28 Ltrs,Volume, LAPTOP COMPARTMENT, BOTTLE POCKET, FRONT ORGANIZER","? 1,299",4.2 out of 5 stars,More Like This,"American Tourister VALEX BLUE LAPTOP BACKPACK 28 Ltrs,Volume, LAPTOP COMPARTMENT, BOTTLE POCKET, FRONT ORGANIZER",N/A,"A backpack isn’t just a bag. It’s a cache, a case, a mobile base of sorts. And it is a reflection of the care you’ve put into selecting the ideal loadout of items to keep on you. Introducing Valex, a modern everyday backpacks collections are available in a variety of nice looking colours to express your true self",Brand: American Tourister
https://www.amazon.in/Number-Backpack-Compartment-Charging-Organizer/dp/B09VTDMRY7,"FUR JADEN Anti Theft Number Lock Backpack Bag with 15.6 Inch Laptop Compartment, USB Charging Port & Organizer Pocket for Men Women Boys Girls",? 699,4.0 out of 5 stars,More Like This,N/A,N/A,N/A,N/A
https://www.amazon.in/Number-Backpack-Compartment-Charging-Organizer/dp/B09VTCNN75,"FUR JADEN Anti Theft Number Lock Backpack Bag with 15.6 Inch Laptop Compartment, USB Charging Port & Organizer Pocket for Men Women Boys Girls",? 699,4.0 out of 5 stars,More Like This,N/A,N/A,N/A,N/A
https://www.amazon.in/SAFARI-Ltrs-Casual-Backpack-DAYPACKNEO15CBSEB/dp/B07Q7CNPMV,SAFARI 15 Ltrs Sea Blue Casual/School/College Backpack (DAYPACKNEO15CBSEB),? 248,4.0 out of 5 stars,"19,042",N/A,N/A,N/A,N/A
https://www.amazon.in/American-Tourister-BACKPACK-COMPARTMENT-ORGANIZER/dp/B0BTD4S4XF,"American Tourister VALEX BLACK LAPTOP BACKPACK 28 Ltrs,Volume, LAPTOP COMPARTMENT, BOTTLE POCKET, FRONT ORGANIZER","? 1,299",4.3 out of 5 stars,More Like This,N/A,N/A,N/A,N/A
https://www.amazon.in/Half-Moon-Resistant-Backpack-Compartment/dp/B0BJ32LQ6X,Half Moon Large 37L Laptop Bag Backpack for menं Women Boys and Girls Luggage Travel Bags with 17.3 inches Laptop Compartment & Rain Cover,? 749,3.9 out of 5 stars,More Like This,N/A,N/A,N/A,N/A
N/A,N/A,N/A,N/A,N/A,N/A,N/A,N/A,N/A
https://www.amazon.in/FUR-JADEN-Leatherette-Polypropylene-DUFF05/dp/B07M9BRCQ5,Fur Jaden Brown Textured Leatherette Stylish & Spacious Weekender Duffle Bag for Travel,? 899,4.3 out of 5 stars,More Like This,N/A,N/A,N/A,N/A
https://www.amazon.in/TRUE-HUMAN-Anti-Theft-backpack-charging/dp/B09QJ7ZF2Y,"TRUE HUMAN Emperor Anti-Theft backpack With USB charging Port Laptop Bag, Office bag, college bag and anti -theft back pocket (Black)",? 599,3.8 out of 5 stars,More Like This,N/A,N/A,N/A,N/A
https://www.amazon.in/Safari-45L-21-OB-BLK/dp/B07BZ5VC4H,Safari Seek 45 Ltrs Overnighter Expandable Travel Laptop Backpack,"? 1,999",4.5 out of 5 stars,More Like This,N/A,N/A,N/A,N/A
https://www.amazon.in/Half-Moon-Waterproof-Backpack-Students/dp/B085MHDJ93,"Half Moon 35L Water Resistant 15.6 inch Laptop Bag for Men/Backpack for Men, Navy Blue | Office Bag for Men/Office Bag for Women with Padded Laptop Compartment | Rain Cover & Reflective Strips",? 529,3.9 out of 5 stars,More Like This,N/A,N/A,N/A,N/A
https://www.amazon.in/Wesley-Spartan-Hiking-Raincover-Organiser/dp/B098QFF5TJ,Wesley Spartan Unisex Travel Hiking Laptop Bag fits Upto 17.3 inch with Raincover and Internal Organiser Backpack Rucksack College Bag,? 698,4.1 out of 5 stars,"1,279",N/A,N/A,N/A,N/A
https://www.amazon.in/Lunars-Bingo-Laptop-Resistant-48L/dp/B08YZ8FFBZ,Lunar's Bingo - 48 L Laptop Office/School/Travel/Business Backpack Water Resistant - Fits Up to 15.6 Inch Laptop Notebook with 1 Year Warranty,? 899,3.9 out of 5 stars,More Like This,N/A,N/A,N/A,N/A
N/A,N/A,N/A,N/A,bags for girls,N/A,N/A,N/A,N/A
N/A,N/A,N/A,N/A,N/A,N/A,N/A,N/A,N/A
N/A,N/A,N/A,N/A,or,N/A,N/A,N/A,N/A
https://www.amazon.in/b/ref=sxts_spks_0_0_dbb31dc2-f6c4-487f-9f15-03751dec7efa?node=21102587031&pd_rd_w=4rrDT&content-id=amzn1.sym.dbb31dc2-f6c4-487f-9f15-03751dec7efa:amzn1.sym.dbb31dc2-f6c4-487f-9f15-03751dec7efa&pf_rd_p=dbb31dc2-f6c4-487f-9f15-03751dec7efa&pf_rd_r=QJCK802TP4JT5B0ZS2DX&pd_rd_wg=pBM5i&pd_rd_r=a47d8969-3e7e-41a2-a7c6-8ebbfb82a39d&qid=1685107777,N/A,N/A,N/A,N/A,N/A,N/A,N/A,N/A
N/A,N/A,N/A,N/A,N/A,N/A,N/A,N/A,N/A
https://www.amazon.in/Wesley-Milestone-Waterproof-Backpack-Business/dp/B084JGJ8PF,Wesley Milestone 2.0 Casual Waterproof Laptop Backpack/Office Bag/School Bag/College Bag/Business Bag/Travel Backpack (Dimensions:13x18 inches) (Compatible with 39.62cm(15.6inch laptop) 30 L (Blue & black),? 598,4.3 out of 5 stars,"10,944",N/A,N/A,N/A,N/A
https://www.amazon.in/American-Tourister-AMT-SCH-02/dp/B07CJCGM1M,American Tourister 32 Ltrs Black Casual Backpack (AMT FIZZ SCH BAG 02 - BLACK),"? 1,199",4.0 out of 5 stars,More Like This,N/A,N/A,N/A,N/A
https://www.amazon.in/Skybags-Brat-Black-Casual-Backpack/dp/B08Z1HHHTD,Skybags Brat Black 46 Cms Casual Backpack,? 669,4.1 out of 5 stars,More Like This,N/A,N/A,N/A,N/A
https://www.amazon.in/School-Backpack-Cartoon-Travel-Toddler/dp/B08WWG91Q3?sbo=RZvfv%2F%2FHxDF%2BO5021pAnSA%3D%3D,N/A,? 448,4.0 out of 5 stars,Amazon’s private and select curated brands,N/A,N/A,N/A,N/A
https://www.amazon.in/School-Backpack-Cartoon-Travel-Toddler/dp/B08WWG91Q3?sbo=RZvfv%2F%2FHxDF%2BO5021pAnSA%3D%3D,N/A,? 448,4.0 out of 5 stars,More Like This,N/A,N/A,N/A,N/A
https://www.amazon.in/MosQuick%C2%AE-Drawstring-Organizing-Stationery-multipurpose/dp/B09SB42QFQ?sbo=EO%2BcdOgoisx3waG5xqcZQA%3D%3D,N/A,? 294,4.2 out of 5 stars,58,N/A,N/A,N/A,N/A
https://www.amazon.in/Backpack-Toddler-Animal-Cartoon-Travel/dp/B09H3H3898?sbo=RZvfv%2F%2FHxDF%2BO5021pAnSA%3D%3D,N/A,? 298,4.1 out of 5 stars,85,N/A,N/A,N/A,N/A
https://www.amazon.in/Blue-Tree-Velvet-Nursery-Travelling/dp/B07XJHP2C7?sbo=RZvfv%2F%2FHxDF%2BO5021pAnSA%3D%3D,N/A,? 298,4.1 out of 5 stars,More Like This,N/A,N/A,N/A,N/A
https://www.amazon.in/Amazon-Brand-Canvas-printed-stylish/dp/B0BX3PW42J?sbo=RZvfv%2F%2FHxDF%2BO5021pAnSA%3D%3D,N/A,? 349,4.5 out of 5 stars,2,N/A,N/A,N/A,N/A
https://www.amazon.in/School-Backpack-Cartoon-Travel-Toddler/dp/B08WWTHLTF?sbo=RZvfv%2F%2FHxDF%2BO5021pAnSA%3D%3D,N/A,? 415,5.0 out of 5 stars,More Like This,N/A,N/A,N/A,N/A
https://www.amazon.in/AmazonBasics-Foldable-Travel-Duffel-27-inch/dp/B01J24HEE4?sbo=RZvfv%2F%2FHxDF%2BO5021pAnSA%3D%3D,N/A,"? 1,699",4.4 out of 5 stars,More Like This,N/A,N/A,N/A,N/A
https://www.amazon.in/Blue-Tree-Backpack-Cartoon-Spiderman/dp/B08YP5HQVP?sbo=RZvfv%2F%2FHxDF%2BO5021pAnSA%3D%3D,N/A,? 415,5.0 out of 5 stars,More Like This,N/A,N/A,N/A,N/A
N/A,N/A,N/A,N/A,N/A,N/A,N/A,N/A,N/A
https://www.amazon.in/ADISA-Laptop-Backpack-Office-College/dp/B09TPX22NF,ADISA 15.6 inch Laptop Backpack Office Bag College Travel Back Pack 32 Ltrs (z-Navy Blue),? 499,3.9 out of 5 stars,806,N/A,N/A,N/A,N/A
https://www.amazon.in/American-Tourister-BACKPACK-COMPARTMENT-ORGANIZER/dp/B0BTD4FK9G,"American Tourister VALEX BLUE LAPTOP BACKPACK 28 Ltrs,Volume, LAPTOP COMPARTMENT, BOTTLE POCKET, FRONT ORGANIZER","? 1,299",4.2 out of 5 stars,More Like This,N/A,N/A,N/A,N/A
https://www.amazon.in/Number-Backpack-Compartment-Charging-Organizer/dp/B09VTDMRY7,"FUR JADEN Anti Theft Number Lock Backpack Bag with 15.6 Inch Laptop Compartment, USB Charging Port & Organizer Pocket for Men Women Boys Girls",? 699,4.0 out of 5 stars,More Like This,N/A,N/A,N/A,N/A
https://www.amazon.in/Number-Backpack-Compartment-Charging-Organizer/dp/B09VTCNN75,"FUR JADEN Anti Theft Number Lock Backpack Bag with 15.6 Inch Laptop Compartment, USB Charging Port & Organizer Pocket for Men Women Boys Girls",? 699,4.0 out of 5 stars,More Like This,N/A,N/A,N/A,N/A
https://www.amazon.in/SAFARI-Ltrs-Casual-Backpack-DAYPACKNEO15CBSEB/dp/B07Q7CNPMV,SAFARI 15 Ltrs Sea Blue Casual/School/College Backpack (DAYPACKNEO15CBSEB),? 248,4.0 out of 5 stars,"19,042",N/A,N/A,N/A,N/A
https://www.amazon.in/American-Tourister-BACKPACK-COMPARTMENT-ORGANIZER/dp/B0BTD4S4XF,"American Tourister VALEX BLACK LAPTOP BACKPACK 28 Ltrs,Volume, LAPTOP COMPARTMENT, BOTTLE POCKET, FRONT ORGANIZER","? 1,299",4.3 out of 5 stars,More Like This,N/A,N/A,N/A,N/A
https://www.amazon.in/Half-Moon-Resistant-Backpack-Compartment/dp/B0BJ32LQ6X,Half Moon Large 37L Laptop Bag Backpack for menं Women Boys and Girls Luggage Travel Bags with 17.3 inches Laptop Compartment & Rain Cover,? 749,3.9 out of 5 stars,More Like This,N/A,N/A,N/A,N/A
N/A,N/A,N/A,N/A,N/A,N/A,N/A,N/A,N/A
https://www.amazon.in/FUR-JADEN-Leatherette-Polypropylene-DUFF05/dp/B07M9BRCQ5,Fur Jaden Brown Textured Leatherette Stylish & Spacious Weekender Duffle Bag for Travel,? 899,4.3 out of 5 stars,More Like This,N/A,N/A,N/A,N/A
https://www.amazon.in/TRUE-HUMAN-Anti-Theft-backpack-charging/dp/B09QJ7ZF2Y,"TRUE HUMAN Emperor Anti-Theft backpack With USB charging Port Laptop Bag, Office bag, college bag and anti -theft back pocket (Black)",? 599,3.8 out of 5 stars,More Like This,N/A,N/A,N/A,N/A
https://www.amazon.in/Safari-45L-21-OB-BLK/dp/B07BZ5VC4H,Safari Seek 45 Ltrs Overnighter Expandable Travel Laptop Backpack,"? 1,999",4.5 out of 5 stars,More Like This,N/A,N/A,N/A,N/A
https://www.amazon.in/Half-Moon-Waterproof-Backpack-Students/dp/B085MHDJ93,"Half Moon 35L Water Resistant 15.6 inch Laptop Bag for Men/Backpack for Men, Navy Blue | Office Bag for Men/Office Bag for Women with Padded Laptop Compartment | Rain Cover & Reflective Strips",? 529,3.9 out of 5 stars,More Like This,N/A,N/A,N/A,N/A
https://www.amazon.in/Wesley-Spartan-Hiking-Raincover-Organiser/dp/B098QFF5TJ,Wesley Spartan Unisex Travel Hiking Laptop Bag fits Upto 17.3 inch with Raincover and Internal Organiser Backpack Rucksack College Bag,? 698,4.1 out of 5 stars,"1,279",N/A,N/A,N/A,N/A
https://www.amazon.in/Lunars-Bingo-Laptop-Resistant-48L/dp/B08YZ8FFBZ,Lunar's Bingo - 48 L Laptop Office/School/Travel/Business Backpack Water Resistant - Fits Up to 15.6 Inch Laptop Notebook with 1 Year Warranty,? 899,3.9 out of 5 stars,More Like This,N/A,N/A,N/A,N/A
N/A,N/A,N/A,N/A,bags for girls,N/A,N/A,N/A,N/A
N/A,N/A,N/A,N/A,N/A,N/A,N/A,N/A,N/A
N/A,N/A,N/A,N/A,or,N/A,N/A,N/A,N/A
https://www.amazon.in/b/ref=sxts_spks_0_0_dbb31dc2-f6c4-487f-9f15-03751dec7efa?node=21102587031&pd_rd_w=WMyEm&content-id=amzn1.sym.dbb31dc2-f6c4-487f-9f15-03751dec7efa:amzn1.sym.dbb31dc2-f6c4-487f-9f15-03751dec7efa&pf_rd_p=dbb31dc2-f6c4-487f-9f15-03751dec7efa&pf_rd_r=15H59ZQCTQM2W2B87T2K&pd_rd_wg=6DpoY&pd_rd_r=bafc5d5e-2082-47d4-be31-df9d2e48b721&qid=1685107787,N/A,N/A,N/A,N/A,N/A,N/A,N/A,N/A
N/A,N/A,N/A,N/A,N/A,N/A,N/A,N/A,N/A
https://www.amazon.in/Wesley-Milestone-Waterproof-Backpack-Business/dp/B084JGJ8PF,Wesley Milestone 2.0 Casual Waterproof Laptop Backpack/Office Bag/School Bag/College Bag/Business Bag/Travel Backpack (Dimensions:13x18 inches) (Compatible with 39.62cm(15.6inch laptop) 30 L (Blue & black),? 598,4.3 out of 5 stars,"10,944",N/A,N/A,N/A,N/A
https://www.amazon.in/American-Tourister-AMT-SCH-02/dp/B07CJCGM1M,American Tourister 32 Ltrs Black Casual Backpack (AMT FIZZ SCH BAG 02 - BLACK),"? 1,199",4.0 out of 5 stars,More Like This,N/A,N/A,N/A,N/A
https://www.amazon.in/Skybags-Brat-Black-Casual-Backpack/dp/B08Z1HHHTD,Skybags Brat Black 46 Cms Casual Backpack,? 669,4.1 out of 5 stars,More Like This,N/A,N/A,N/A,N/A
https://www.amazon.in/School-Backpack-Cartoon-Travel-Toddler/dp/B08WWG91Q3?sbo=RZvfv%2F%2FHxDF%2BO5021pAnSA%3D%3D,N/A,? 448,4.0 out of 5 stars,Amazon’s private and select curated brands,N/A,N/A,N/A,N/A
https://www.amazon.in/School-Backpack-Cartoon-Travel-Toddler/dp/B08WWG91Q3?sbo=RZvfv%2F%2FHxDF%2BO5021pAnSA%3D%3D,N/A,? 448,4.0 out of 5 stars,More Like This,N/A,N/A,N/A,N/A
https://www.amazon.in/MosQuick%C2%AE-Drawstring-Organizing-Stationery-multipurpose/dp/B09SB42QFQ?sbo=EO%2BcdOgoisx3waG5xqcZQA%3D%3D,N/A,? 294,4.2 out of 5 stars,58,N/A,N/A,N/A,N/A
https://www.amazon.in/Backpack-Toddler-Animal-Cartoon-Travel/dp/B09H3H3898?sbo=RZvfv%2F%2FHxDF%2BO5021pAnSA%3D%3D,N/A,? 298,4.1 out of 5 stars,85,N/A,N/A,N/A,N/A
https://www.amazon.in/Blue-Tree-Velvet-Nursery-Travelling/dp/B07XJHP2C7?sbo=RZvfv%2F%2FHxDF%2BO5021pAnSA%3D%3D,N/A,? 298,4.1 out of 5 stars,More Like This,N/A,N/A,N/A,N/A
https://www.amazon.in/Amazon-Brand-Canvas-printed-stylish/dp/B0BX3PW42J?sbo=RZvfv%2F%2FHxDF%2BO5021pAnSA%3D%3D,N/A,? 349,4.5 out of 5 stars,2,N/A,N/A,N/A,N/A
https://www.amazon.in/School-Backpack-Cartoon-Travel-Toddler/dp/B08WWTHLTF?sbo=RZvfv%2F%2FHxDF%2BO5021pAnSA%3D%3D,N/A,? 415,5.0 out of 5 stars,More Like This,N/A,N/A,N/A,N/A
https://www.amazon.in/AmazonBasics-Foldable-Travel-Duffel-27-inch/dp/B01J24HEE4?sbo=RZvfv%2F%2FHxDF%2BO5021pAnSA%3D%3D,N/A,"? 1,699",4.4 out of 5 stars,More Like This,N/A,N/A,N/A,N/A
https://www.amazon.in/Blue-Tree-Backpack-Cartoon-Spiderman/dp/B08YP5HQVP?sbo=RZvfv%2F%2FHxDF%2BO5021pAnSA%3D%3D,N/A,? 415,5.0 out of 5 stars,More Like This,N/A,N/A,N/A,N/A
N/A,N/A,N/A,N/A,N/A,N/A,N/A,N/A,N/A
https://www.amazon.in/ADISA-Laptop-Backpack-Office-College/dp/B09TPX22NF,ADISA 15.6 inch Laptop Backpack Office Bag College Travel Back Pack 32 Ltrs (z-Navy Blue),? 499,3.9 out of 5 stars,806,N/A,N/A,N/A,N/A
https://www.amazon.in/American-Tourister-BACKPACK-COMPARTMENT-ORGANIZER/dp/B0BTD4FK9G,"American Tourister VALEX BLUE LAPTOP BACKPACK 28 Ltrs,Volume, LAPTOP COMPARTMENT, BOTTLE POCKET, FRONT ORGANIZER","? 1,299",4.2 out of 5 stars,More Like This,N/A,N/A,N/A,N/A
https://www.amazon.in/Number-Backpack-Compartment-Charging-Organizer/dp/B09VTDMRY7,"FUR JADEN Anti Theft Number Lock Backpack Bag with 15.6 Inch Laptop Compartment, USB Charging Port & Organizer Pocket for Men Women Boys Girls",? 699,4.0 out of 5 stars,More Like This,N/A,N/A,N/A,N/A
https://www.amazon.in/Number-Backpack-Compartment-Charging-Organizer/dp/B09VTCNN75,"FUR JADEN Anti Theft Number Lock Backpack Bag with 15.6 Inch Laptop Compartment, USB Charging Port & Organizer Pocket for Men Women Boys Girls",? 699,4.0 out of 5 stars,More Like This,N/A,N/A,N/A,N/A
https://www.amazon.in/SAFARI-Ltrs-Casual-Backpack-DAYPACKNEO15CBSEB/dp/B07Q7CNPMV,SAFARI 15 Ltrs Sea Blue Casual/School/College Backpack (DAYPACKNEO15CBSEB),? 248,4.0 out of 5 stars,"19,042",N/A,N/A,N/A,N/A
https://www.amazon.in/American-Tourister-BACKPACK-COMPARTMENT-ORGANIZER/dp/B0BTD4S4XF,"American Tourister VALEX BLACK LAPTOP BACKPACK 28 Ltrs,Volume, LAPTOP COMPARTMENT, BOTTLE POCKET, FRONT ORGANIZER","? 1,299",4.3 out of 5 stars,More Like This,"American Tourister VALEX BLACK LAPTOP BACKPACK 28 Ltrs,Volume, LAPTOP COMPARTMENT, BOTTLE POCKET, FRONT ORGANIZER",N/A,"A backpack isn’t just a bag. It’s a cache, a case, a mobile base of sorts. And it is a reflection of the care you’ve put into selecting the ideal loadout of items to keep on you. Introducing Valex, a modern everyday backpacks collections are available in a variety of nice looking colours to express your true self",Brand: American Tourister
https://www.amazon.in/Half-Moon-Resistant-Backpack-Compartment/dp/B0BJ32LQ6X,Half Moon Large 37L Laptop Bag Backpack for menं Women Boys and Girls Luggage Travel Bags with 17.3 inches Laptop Compartment & Rain Cover,? 749,3.9 out of 5 stars,More Like This,N/A,N/A,N/A,N/A
N/A,N/A,N/A,N/A,N/A,N/A,N/A,N/A,N/A
https://www.amazon.in/FUR-JADEN-Leatherette-Polypropylene-DUFF05/dp/B07M9BRCQ5,Fur Jaden Brown Textured Leatherette Stylish & Spacious Weekender Duffle Bag for Travel,? 899,4.3 out of 5 stars,More Like This,N/A,N/A,N/A,N/A
https://www.amazon.in/TRUE-HUMAN-Anti-Theft-backpack-charging/dp/B09QJ7ZF2Y,"TRUE HUMAN Emperor Anti-Theft backpack With USB charging Port Laptop Bag, Office bag, college bag and anti -theft back pocket (Black)",? 599,3.8 out of 5 stars,More Like This,"TRUE HUMAN Emperor Anti-Theft backpack With USB charging Port Laptop Bag, Office bag, college bag and anti -theft back pocket (Black)",N/A,N/A,Visit the TRUE HUMAN Store
https://www.amazon.in/Safari-45L-21-OB-BLK/dp/B07BZ5VC4H,Safari Seek 45 Ltrs Overnighter Expandable Travel Laptop Backpack,"? 1,999",4.5 out of 5 stars,More Like This,N/A,N/A,N/A,N/A
https://www.amazon.in/Half-Moon-Waterproof-Backpack-Students/dp/B085MHDJ93,"Half Moon 35L Water Resistant 15.6 inch Laptop Bag for Men/Backpack for Men, Navy Blue | Office Bag for Men/Office Bag for Women with Padded Laptop Compartment | Rain Cover & Reflective Strips",? 529,3.9 out of 5 stars,More Like This,N/A,N/A,N/A,N/A
https://www.amazon.in/Wesley-Spartan-Hiking-Raincover-Organiser/dp/B098QFF5TJ,Wesley Spartan Unisex Travel Hiking Laptop Bag fits Upto 17.3 inch with Raincover and Internal Organiser Backpack Rucksack College Bag,? 698,4.1 out of 5 stars,"1,279",N/A,N/A,N/A,N/A
https://www.amazon.in/Lunars-Bingo-Laptop-Resistant-48L/dp/B08YZ8FFBZ,Lunar's Bingo - 48 L Laptop Office/School/Travel/Business Backpack Water Resistant - Fits Up to 15.6 Inch Laptop Notebook with 1 Year Warranty,? 899,3.9 out of 5 stars,More Like This,N/A,N/A,N/A,N/A
N/A,N/A,N/A,N/A,bags for girls,N/A,N/A,N/A,N/A
N/A,N/A,N/A,N/A,N/A,N/A,N/A,N/A,N/A
N/A,N/A,N/A,N/A,or,N/A,N/A,N/A,N/A
https://www.amazon.in/b/ref=sxts_spks_0_0_5b47f725-4fa5-48ae-98f9-662935e233b4?node=21102587031&pd_rd_w=3smSL&content-id=amzn1.sym.5b47f725-4fa5-48ae-98f9-662935e233b4:amzn1.sym.5b47f725-4fa5-48ae-98f9-662935e233b4&pf_rd_p=5b47f725-4fa5-48ae-98f9-662935e233b4&pf_rd_r=YNNZCZ1KZ220DJPA35R6&pd_rd_wg=6X4ef&pd_rd_r=f43f68f3-7f69-4af5-ad29-c6a02439ddd7&qid=1685107799,N/A,N/A,N/A,N/A,N/A,N/A,N/A,N/A
N/A,N/A,N/A,N/A,N/A,N/A,N/A,N/A,N/A
https://www.amazon.in/Wesley-Milestone-Waterproof-Backpack-Business/dp/B084JGJ8PF,Wesley Milestone 2.0 Casual Waterproof Laptop Backpack/Office Bag/School Bag/College Bag/Business Bag/Travel Backpack (Dimensions:13x18 inches) (Compatible with 39.62cm(15.6inch laptop) 30 L (Blue & black),? 598,4.3 out of 5 stars,"10,944",N/A,N/A,N/A,N/A
https://www.amazon.in/American-Tourister-AMT-SCH-02/dp/B07CJCGM1M,American Tourister 32 Ltrs Black Casual Backpack (AMT FIZZ SCH BAG 02 - BLACK),"? 1,199",4.0 out of 5 stars,More Like This,N/A,N/A,N/A,N/A
https://www.amazon.in/Skybags-Brat-Black-Casual-Backpack/dp/B08Z1HHHTD,Skybags Brat Black 46 Cms Casual Backpack,? 669,4.1 out of 5 stars,More Like This,Skybags Brat Black 46 Cms Casual Backpack,N/A,"Ideal for a college student who does not carry a lot of books or laptop to college. Very stylish, slim and feature loaded Backpack",Visit the Skybags Store
https://www.amazon.in/School-Backpack-Cartoon-Travel-Toddler/dp/B08WWG91Q3?sbo=RZvfv%2F%2FHxDF%2BO5021pAnSA%3D%3D,N/A,? 448,4.0 out of 5 stars,Amazon’s private and select curated brands,N/A,N/A,N/A,N/A
https://www.amazon.in/School-Backpack-Cartoon-Travel-Toddler/dp/B08WWG91Q3?sbo=RZvfv%2F%2FHxDF%2BO5021pAnSA%3D%3D,N/A,? 448,4.0 out of 5 stars,More Like This,N/A,N/A,N/A,N/A
https://www.amazon.in/MosQuick%C2%AE-Drawstring-Organizing-Stationery-multipurpose/dp/B09SB42QFQ?sbo=EO%2BcdOgoisx3waG5xqcZQA%3D%3D,N/A,? 294,4.2 out of 5 stars,58,N/A,N/A,N/A,N/A
https://www.amazon.in/Backpack-Toddler-Animal-Cartoon-Travel/dp/B09H3H3898?sbo=RZvfv%2F%2FHxDF%2BO5021pAnSA%3D%3D,N/A,? 298,4.1 out of 5 stars,85,N/A,N/A,N/A,N/A
https://www.amazon.in/Blue-Tree-Velvet-Nursery-Travelling/dp/B07XJHP2C7?sbo=RZvfv%2F%2FHxDF%2BO5021pAnSA%3D%3D,N/A,? 298,4.1 out of 5 stars,More Like This,N/A,N/A,N/A,N/A
https://www.amazon.in/Amazon-Brand-Canvas-printed-stylish/dp/B0BX3PW42J?sbo=RZvfv%2F%2FHxDF%2BO5021pAnSA%3D%3D,N/A,? 349,4.5 out of 5 stars,2,N/A,N/A,N/A,N/A
https://www.amazon.in/School-Backpack-Cartoon-Travel-Toddler/dp/B08WWTHLTF?sbo=RZvfv%2F%2FHxDF%2BO5021pAnSA%3D%3D,N/A,? 415,5.0 out of 5 stars,More Like This,N/A,N/A,N/A,N/A
https://www.amazon.in/AmazonBasics-Foldable-Travel-Duffel-27-inch/dp/B01J24HEE4?sbo=RZvfv%2F%2FHxDF%2BO5021pAnSA%3D%3D,N/A,"? 1,699",4.4 out of 5 stars,More Like This,N/A,N/A,N/A,N/A
https://www.amazon.in/Blue-Tree-Backpack-Cartoon-Spiderman/dp/B08YP5HQVP?sbo=RZvfv%2F%2FHxDF%2BO5021pAnSA%3D%3D,N/A,? 415,5.0 out of 5 stars,More Like This,N/A,N/A,N/A,N/A
N/A,N/A,N/A,N/A,N/A,N/A,N/A,N/A,N/A
https://www.amazon.in/ADISA-Laptop-Backpack-Office-College/dp/B09TPX22NF,ADISA 15.6 inch Laptop Backpack Office Bag College Travel Back Pack 32 Ltrs (z-Navy Blue),? 499,3.9 out of 5 stars,806,N/A,N/A,N/A,N/A
https://www.amazon.in/American-Tourister-BACKPACK-COMPARTMENT-ORGANIZER/dp/B0BTD4FK9G,"American Tourister VALEX BLUE LAPTOP BACKPACK 28 Ltrs,Volume, LAPTOP COMPARTMENT, BOTTLE POCKET, FRONT ORGANIZER","? 1,299",4.2 out of 5 stars,More Like This,N/A,N/A,N/A,N/A
https://www.amazon.in/Number-Backpack-Compartment-Charging-Organizer/dp/B09VTDMRY7,"FUR JADEN Anti Theft Number Lock Backpack Bag with 15.6 Inch Laptop Compartment, USB Charging Port & Organizer Pocket for Men Women Boys Girls",? 699,4.0 out of 5 stars,More Like This,N/A,N/A,N/A,N/A
https://www.amazon.in/Number-Backpack-Compartment-Charging-Organizer/dp/B09VTCNN75,"FUR JADEN Anti Theft Number Lock Backpack Bag with 15.6 Inch Laptop Compartment, USB Charging Port & Organizer Pocket for Men Women Boys Girls",? 699,4.0 out of 5 stars,More Like This,N/A,N/A,N/A,N/A
https://www.amazon.in/SAFARI-Ltrs-Casual-Backpack-DAYPACKNEO15CBSEB/dp/B07Q7CNPMV,SAFARI 15 Ltrs Sea Blue Casual/School/College Backpack (DAYPACKNEO15CBSEB),? 248,4.0 out of 5 stars,"19,042",N/A,N/A,N/A,N/A
https://www.amazon.in/American-Tourister-BACKPACK-COMPARTMENT-ORGANIZER/dp/B0BTD4S4XF,"American Tourister VALEX BLACK LAPTOP BACKPACK 28 Ltrs,Volume, LAPTOP COMPARTMENT, BOTTLE POCKET, FRONT ORGANIZER","? 1,299",4.3 out of 5 stars,More Like This,N/A,N/A,N/A,N/A
https://www.amazon.in/Half-Moon-Resistant-Backpack-Compartment/dp/B0BJ32LQ6X,Half Moon Large 37L Laptop Bag Backpack for menं Women Boys and Girls Luggage Travel Bags with 17.3 inches Laptop Compartment & Rain Cover,? 749,3.9 out of 5 stars,More Like This,N/A,N/A,N/A,N/A
N/A,N/A,N/A,N/A,N/A,N/A,N/A,N/A,N/A
https://www.amazon.in/FUR-JADEN-Leatherette-Polypropylene-DUFF05/dp/B07M9BRCQ5,Fur Jaden Brown Textured Leatherette Stylish & Spacious Weekender Duffle Bag for Travel,? 899,4.3 out of 5 stars,More Like This,N/A,N/A,N/A,N/A
https://www.amazon.in/TRUE-HUMAN-Anti-Theft-backpack-charging/dp/B09QJ7ZF2Y,"TRUE HUMAN Emperor Anti-Theft backpack With USB charging Port Laptop Bag, Office bag, college bag and anti -theft back pocket (Black)",? 599,3.8 out of 5 stars,More Like This,N/A,N/A,N/A,N/A
https://www.amazon.in/Safari-45L-21-OB-BLK/dp/B07BZ5VC4H,Safari Seek 45 Ltrs Overnighter Expandable Travel Laptop Backpack,"? 1,999",4.5 out of 5 stars,More Like This,N/A,N/A,N/A,N/A
https://www.amazon.in/Half-Moon-Waterproof-Backpack-Students/dp/B085MHDJ93,"Half Moon 35L Water Resistant 15.6 inch Laptop Bag for Men/Backpack for Men, Navy Blue | Office Bag for Men/Office Bag for Women with Padded Laptop Compartment | Rain Cover & Reflective Strips",? 529,3.9 out of 5 stars,More Like This,N/A,N/A,N/A,N/A
https://www.amazon.in/Wesley-Spartan-Hiking-Raincover-Organiser/dp/B098QFF5TJ,Wesley Spartan Unisex Travel Hiking Laptop Bag fits Upto 17.3 inch with Raincover and Internal Organiser Backpack Rucksack College Bag,? 698,4.1 out of 5 stars,"1,279",N/A,N/A,N/A,N/A
https://www.amazon.in/Lunars-Bingo-Laptop-Resistant-48L/dp/B08YZ8FFBZ,Lunar's Bingo - 48 L Laptop Office/School/Travel/Business Backpack Water Resistant - Fits Up to 15.6 Inch Laptop Notebook with 1 Year Warranty,? 899,3.9 out of 5 stars,More Like This,N/A,N/A,N/A,N/A
N/A,N/A,N/A,N/A,bags for girls,N/A,N/A,N/A,N/A
N/A,N/A,N/A,N/A,N/A,N/A,N/A,N/A,N/A
N/A,N/A,N/A,N/A,or,N/A,N/A,N/A,N/A
https://www.amazon.in/b/ref=sxts_spks_0_0_5b47f725-4fa5-48ae-98f9-662935e233b4?node=21102587031&pd_rd_w=QbTn7&content-id=amzn1.sym.5b47f725-4fa5-48ae-98f9-662935e233b4:amzn1.sym.5b47f725-4fa5-48ae-98f9-662935e233b4&pf_rd_p=5b47f725-4fa5-48ae-98f9-662935e233b4&pf_rd_r=MC88CWM8MFA678TG19C7&pd_rd_wg=ha27M&pd_rd_r=38d3d6f9-d5da-4e62-972e-67e5d0e10ca5&qid=1685107815,N/A,N/A,N/A,N/A,N/A,N/A,N/A,N/A
N/A,N/A,N/A,N/A,N/A,N/A,N/A,N/A,N/A
https://www.amazon.in/Wesley-Milestone-Waterproof-Backpack-Business/dp/B084JGJ8PF,Wesley Milestone 2.0 Casual Waterproof Laptop Backpack/Office Bag/School Bag/College Bag/Business Bag/Travel Backpack (Dimensions:13x18 inches) (Compatible with 39.62cm(15.6inch laptop) 30 L (Blue & black),? 598,4.3 out of 5 stars,"10,944",N/A,N/A,N/A,N/A
https://www.amazon.in/American-Tourister-AMT-SCH-02/dp/B07CJCGM1M,American Tourister 32 Ltrs Black Casual Backpack (AMT FIZZ SCH BAG 02 - BLACK),"? 1,199",4.0 out of 5 stars,More Like This,N/A,N/A,N/A,N/A
https://www.amazon.in/Skybags-Brat-Black-Casual-Backpack/dp/B08Z1HHHTD,Skybags Brat Black 46 Cms Casual Backpack,? 669,4.1 out of 5 stars,More Like This,N/A,N/A,N/A,N/A
https://www.amazon.in/School-Backpack-Cartoon-Travel-Toddler/dp/B08WWG91Q3?sbo=RZvfv%2F%2FHxDF%2BO5021pAnSA%3D%3D,N/A,? 448,4.0 out of 5 stars,Amazon’s private and select curated brands,N/A,N/A,N/A,N/A
https://www.amazon.in/School-Backpack-Cartoon-Travel-Toddler/dp/B08WWG91Q3?sbo=RZvfv%2F%2FHxDF%2BO5021pAnSA%3D%3D,N/A,? 448,4.0 out of 5 stars,More Like This,N/A,N/A,N/A,N/A
https://www.amazon.in/MosQuick%C2%AE-Drawstring-Organizing-Stationery-multipurpose/dp/B09SB42QFQ?sbo=EO%2BcdOgoisx3waG5xqcZQA%3D%3D,N/A,? 294,4.2 out of 5 stars,58,N/A,N/A,N/A,N/A
https://www.amazon.in/Backpack-Toddler-Animal-Cartoon-Travel/dp/B09H3H3898?sbo=RZvfv%2F%2FHxDF%2BO5021pAnSA%3D%3D,N/A,? 298,4.1 out of 5 stars,85,N/A,N/A,N/A,N/A
https://www.amazon.in/Blue-Tree-Velvet-Nursery-Travelling/dp/B07XJHP2C7?sbo=RZvfv%2F%2FHxDF%2BO5021pAnSA%3D%3D,N/A,? 298,4.1 out of 5 stars,More Like This,N/A,N/A,N/A,N/A
https://www.amazon.in/Amazon-Brand-Canvas-printed-stylish/dp/B0BX3PW42J?sbo=RZvfv%2F%2FHxDF%2BO5021pAnSA%3D%3D,N/A,? 349,4.5 out of 5 stars,2,N/A,N/A,N/A,N/A
https://www.amazon.in/School-Backpack-Cartoon-Travel-Toddler/dp/B08WWTHLTF?sbo=RZvfv%2F%2FHxDF%2BO5021pAnSA%3D%3D,N/A,? 415,5.0 out of 5 stars,More Like This,N/A,N/A,N/A,N/A
https://www.amazon.in/AmazonBasics-Foldable-Travel-Duffel-27-inch/dp/B01J24HEE4?sbo=RZvfv%2F%2FHxDF%2BO5021pAnSA%3D%3D,N/A,"? 1,699",4.4 out of 5 stars,More Like This,N/A,N/A,N/A,N/A
https://www.amazon.in/Blue-Tree-Backpack-Cartoon-Spiderman/dp/B08YP5HQVP?sbo=RZvfv%2F%2FHxDF%2BO5021pAnSA%3D%3D,N/A,? 415,5.0 out of 5 stars,More Like This,N/A,N/A,N/A,N/A
N/A,N/A,N/A,N/A,N/A,N/A,N/A,N/A,N/A
https://www.amazon.in/ADISA-Laptop-Backpack-Office-College/dp/B09TPX22NF,ADISA 15.6 inch Laptop Backpack Office Bag College Travel Back Pack 32 Ltrs (z-Navy Blue),? 499,3.9 out of 5 stars,806,N/A,N/A,N/A,N/A
https://www.amazon.in/American-Tourister-BACKPACK-COMPARTMENT-ORGANIZER/dp/B0BTD4FK9G,"American Tourister VALEX BLUE LAPTOP BACKPACK 28 Ltrs,Volume, LAPTOP COMPARTMENT, BOTTLE POCKET, FRONT ORGANIZER","? 1,299",4.2 out of 5 stars,More Like This,N/A,N/A,N/A,N/A
https://www.amazon.in/Number-Backpack-Compartment-Charging-Organizer/dp/B09VTDMRY7,"FUR JADEN Anti Theft Number Lock Backpack Bag with 15.6 Inch Laptop Compartment, USB Charging Port & Organizer Pocket for Men Women Boys Girls",? 699,4.0 out of 5 stars,More Like This,N/A,N/A,N/A,N/A
https://www.amazon.in/Number-Backpack-Compartment-Charging-Organizer/dp/B09VTCNN75,"FUR JADEN Anti Theft Number Lock Backpack Bag with 15.6 Inch Laptop Compartment, USB Charging Port & Organizer Pocket for Men Women Boys Girls",? 699,4.0 out of 5 stars,More Like This,N/A,N/A,N/A,N/A
https://www.amazon.in/SAFARI-Ltrs-Casual-Backpack-DAYPACKNEO15CBSEB/dp/B07Q7CNPMV,SAFARI 15 Ltrs Sea Blue Casual/School/College Backpack (DAYPACKNEO15CBSEB),? 248,4.0 out of 5 stars,"19,042",N/A,N/A,N/A,N/A
https://www.amazon.in/American-Tourister-BACKPACK-COMPARTMENT-ORGANIZER/dp/B0BTD4S4XF,"American Tourister VALEX BLACK LAPTOP BACKPACK 28 Ltrs,Volume, LAPTOP COMPARTMENT, BOTTLE POCKET, FRONT ORGANIZER","? 1,299",4.3 out of 5 stars,More Like This,N/A,N/A,N/A,N/A
https://www.amazon.in/Half-Moon-Resistant-Backpack-Compartment/dp/B0BJ32LQ6X,Half Moon Large 37L Laptop Bag Backpack for menं Women Boys and Girls Luggage Travel Bags with 17.3 inches Laptop Compartment & Rain Cover,? 749,3.9 out of 5 stars,More Like This,N/A,N/A,N/A,N/A
N/A,N/A,N/A,N/A,N/A,N/A,N/A,N/A,N/A
https://www.amazon.in/FUR-JADEN-Leatherette-Polypropylene-DUFF05/dp/B07M9BRCQ5,Fur Jaden Brown Textured Leatherette Stylish & Spacious Weekender Duffle Bag for Travel,? 899,4.3 out of 5 stars,More Like This,N/A,N/A,N/A,N/A
https://www.amazon.in/TRUE-HUMAN-Anti-Theft-backpack-charging/dp/B09QJ7ZF2Y,"TRUE HUMAN Emperor Anti-Theft backpack With USB charging Port Laptop Bag, Office bag, college bag and anti -theft back pocket (Black)",? 599,3.8 out of 5 stars,More Like This,N/A,N/A,N/A,N/A
https://www.amazon.in/Safari-45L-21-OB-BLK/dp/B07BZ5VC4H,Safari Seek 45 Ltrs Overnighter Expandable Travel Laptop Backpack,"? 1,999",4.5 out of 5 stars,More Like This,N/A,N/A,N/A,N/A
https://www.amazon.in/Half-Moon-Waterproof-Backpack-Students/dp/B085MHDJ93,"Half Moon 35L Water Resistant 15.6 inch Laptop Bag for Men/Backpack for Men, Navy Blue | Office Bag for Men/Office Bag for Women with Padded Laptop Compartment | Rain Cover & Reflective Strips",? 529,3.9 out of 5 stars,More Like This,N/A,N/A,N/A,N/A
https://www.amazon.in/Wesley-Spartan-Hiking-Raincover-Organiser/dp/B098QFF5TJ,Wesley Spartan Unisex Travel Hiking Laptop Bag fits Upto 17.3 inch with Raincover and Internal Organiser Backpack Rucksack College Bag,? 698,4.1 out of 5 stars,"1,279",N/A,N/A,N/A,N/A
https://www.amazon.in/Lunars-Bingo-Laptop-Resistant-48L/dp/B08YZ8FFBZ,Lunar's Bingo - 48 L Laptop Office/School/Travel/Business Backpack Water Resistant - Fits Up to 15.6 Inch Laptop Notebook with 1 Year Warranty,? 899,3.9 out of 5 stars,More Like This,N/A,N/A,N/A,N/A
N/A,N/A,N/A,N/A,bags for girls,N/A,N/A,N/A,N/A
N/A,N/A,N/A,N/A,N/A,N/A,N/A,N/A,N/A
N/A,N/A,N/A,N/A,or,N/A,N/A,N/A,N/A
https://www.amazon.in/b/ref=sxts_spks_0_0_dbb31dc2-f6c4-487f-9f15-03751dec7efa?node=21102587031&pd_rd_w=NCJ8d&content-id=amzn1.sym.dbb31dc2-f6c4-487f-9f15-03751dec7efa:amzn1.sym.dbb31dc2-f6c4-487f-9f15-03751dec7efa&pf_rd_p=dbb31dc2-f6c4-487f-9f15-03751dec7efa&pf_rd_r=NWPXE6W6JS3GRMSRVPAC&pd_rd_wg=ryxVd&pd_rd_r=7e6b64d2-0c01-43d1-8305-782e630020b4&qid=1685107832,N/A,N/A,N/A,N/A,N/A,N/A,N/A,N/A
N/A,N/A,N/A,N/A,N/A,N/A,N/A,N/A,N/A
https://www.amazon.in/Wesley-Milestone-Waterproof-Backpack-Business/dp/B084JGJ8PF,Wesley Milestone 2.0 Casual Waterproof Laptop Backpack/Office Bag/School Bag/College Bag/Business Bag/Travel Backpack (Dimensions:13x18 inches) (Compatible with 39.62cm(15.6inch laptop) 30 L (Blue & black),? 598,4.3 out of 5 stars,"10,944",Wesley Milestone 2.0 Casual Waterproof Laptop Backpack/Office Bag/School Bag/College Bag/Business Bag/Travel Backpack (Dimensions:13x18 inches) (Compatible with 39.62cm(15.6inch laptop) 30 L (Blue & black),N/A,N/A,Brand: Wesley
https://www.amazon.in/American-Tourister-AMT-SCH-02/dp/B07CJCGM1M,American Tourister 32 Ltrs Black Casual Backpack (AMT FIZZ SCH BAG 02 - BLACK),"? 1,199",4.0 out of 5 stars,More Like This,N/A,N/A,N/A,N/A
https://www.amazon.in/Skybags-Brat-Black-Casual-Backpack/dp/B08Z1HHHTD,Skybags Brat Black 46 Cms Casual Backpack,? 669,4.1 out of 5 stars,More Like This,Skybags Brat Black 46 Cms Casual Backpack,N/A,"Ideal for a college student who does not carry a lot of books or laptop to college. Very stylish, slim and feature loaded Backpack",Visit the Skybags Store
https://www.amazon.in/School-Backpack-Cartoon-Travel-Toddler/dp/B08WWG91Q3?sbo=RZvfv%2F%2FHxDF%2BO5021pAnSA%3D%3D,N/A,? 448,4.0 out of 5 stars,Amazon’s private and select curated brands,N/A,N/A,N/A,N/A
https://www.amazon.in/School-Backpack-Cartoon-Travel-Toddler/dp/B08WWG91Q3?sbo=RZvfv%2F%2FHxDF%2BO5021pAnSA%3D%3D,N/A,? 448,4.0 out of 5 stars,More Like This,N/A,N/A,N/A,N/A
https://www.amazon.in/MosQuick%C2%AE-Drawstring-Organizing-Stationery-multipurpose/dp/B09SB42QFQ?sbo=EO%2BcdOgoisx3waG5xqcZQA%3D%3D,N/A,? 294,4.2 out of 5 stars,58,N/A,N/A,N/A,N/A
https://www.amazon.in/Backpack-Toddler-Animal-Cartoon-Travel/dp/B09H3H3898?sbo=RZvfv%2F%2FHxDF%2BO5021pAnSA%3D%3D,N/A,? 298,4.1 out of 5 stars,85,N/A,N/A,N/A,N/A
https://www.amazon.in/Blue-Tree-Velvet-Nursery-Travelling/dp/B07XJHP2C7?sbo=RZvfv%2F%2FHxDF%2BO5021pAnSA%3D%3D,N/A,? 298,4.1 out of 5 stars,More Like This,N/A,N/A,N/A,N/A
https://www.amazon.in/Amazon-Brand-Canvas-printed-stylish/dp/B0BX3PW42J?sbo=RZvfv%2F%2FHxDF%2BO5021pAnSA%3D%3D,N/A,? 349,4.5 out of 5 stars,2,N/A,N/A,N/A,N/A
https://www.amazon.in/School-Backpack-Cartoon-Travel-Toddler/dp/B08WWTHLTF?sbo=RZvfv%2F%2FHxDF%2BO5021pAnSA%3D%3D,N/A,? 415,5.0 out of 5 stars,More Like This,N/A,N/A,N/A,N/A
https://www.amazon.in/AmazonBasics-Foldable-Travel-Duffel-27-inch/dp/B01J24HEE4?sbo=RZvfv%2F%2FHxDF%2BO5021pAnSA%3D%3D,N/A,"? 1,699",4.4 out of 5 stars,More Like This,N/A,N/A,N/A,N/A
https://www.amazon.in/Blue-Tree-Backpack-Cartoon-Spiderman/dp/B08YP5HQVP?sbo=RZvfv%2F%2FHxDF%2BO5021pAnSA%3D%3D,N/A,? 415,5.0 out of 5 stars,More Like This,N/A,N/A,N/A,N/A
N/A,N/A,N/A,N/A,N/A,N/A,N/A,N/A,N/A
https://www.amazon.in/ADISA-Laptop-Backpack-Office-College/dp/B09TPX22NF,ADISA 15.6 inch Laptop Backpack Office Bag College Travel Back Pack 32 Ltrs (z-Navy Blue),? 499,3.9 out of 5 stars,806,N/A,N/A,N/A,N/A
https://www.amazon.in/American-Tourister-BACKPACK-COMPARTMENT-ORGANIZER/dp/B0BTD4FK9G,"American Tourister VALEX BLUE LAPTOP BACKPACK 28 Ltrs,Volume, LAPTOP COMPARTMENT, BOTTLE POCKET, FRONT ORGANIZER","? 1,299",4.2 out of 5 stars,More Like This,"American Tourister VALEX BLUE LAPTOP BACKPACK 28 Ltrs,Volume, LAPTOP COMPARTMENT, BOTTLE POCKET, FRONT ORGANIZER",N/A,"A backpack isn’t just a bag. It’s a cache, a case, a mobile base of sorts. And it is a reflection of the care you’ve put into selecting the ideal loadout of items to keep on you. Introducing Valex, a modern everyday backpacks collections are available in a variety of nice looking colours to express your true self",Brand: American Tourister
https://www.amazon.in/Number-Backpack-Compartment-Charging-Organizer/dp/B09VTDMRY7,"FUR JADEN Anti Theft Number Lock Backpack Bag with 15.6 Inch Laptop Compartment, USB Charging Port & Organizer Pocket for Men Women Boys Girls",? 699,4.0 out of 5 stars,More Like This,N/A,N/A,N/A,N/A
https://www.amazon.in/Number-Backpack-Compartment-Charging-Organizer/dp/B09VTCNN75,"FUR JADEN Anti Theft Number Lock Backpack Bag with 15.6 Inch Laptop Compartment, USB Charging Port & Organizer Pocket for Men Women Boys Girls",? 699,4.0 out of 5 stars,More Like This,N/A,N/A,N/A,N/A
https://www.amazon.in/SAFARI-Ltrs-Casual-Backpack-DAYPACKNEO15CBSEB/dp/B07Q7CNPMV,SAFARI 15 Ltrs Sea Blue Casual/School/College Backpack (DAYPACKNEO15CBSEB),? 248,4.0 out of 5 stars,"19,042",N/A,N/A,N/A,N/A
https://www.amazon.in/American-Tourister-BACKPACK-COMPARTMENT-ORGANIZER/dp/B0BTD4S4XF,"American Tourister VALEX BLACK LAPTOP BACKPACK 28 Ltrs,Volume, LAPTOP COMPARTMENT, BOTTLE POCKET, FRONT ORGANIZER","? 1,299",4.3 out of 5 stars,More Like This,N/A,N/A,N/A,N/A
https://www.amazon.in/Half-Moon-Resistant-Backpack-Compartment/dp/B0BJ32LQ6X,Half Moon Large 37L Laptop Bag Backpack for menं Women Boys and Girls Luggage Travel Bags with 17.3 inches Laptop Compartment & Rain Cover,? 749,3.9 out of 5 stars,More Like This,N/A,N/A,N/A,N/A
N/A,N/A,N/A,N/A,N/A,N/A,N/A,N/A,N/A
https://www.amazon.in/FUR-JADEN-Leatherette-Polypropylene-DUFF05/dp/B07M9BRCQ5,Fur Jaden Brown Textured Leatherette Stylish & Spacious Weekender Duffle Bag for Travel,? 899,4.3 out of 5 stars,More Like This,N/A,N/A,N/A,N/A
https://www.amazon.in/TRUE-HUMAN-Anti-Theft-backpack-charging/dp/B09QJ7ZF2Y,"TRUE HUMAN Emperor Anti-Theft backpack With USB charging Port Laptop Bag, Office bag, college bag and anti -theft back pocket (Black)",? 599,3.8 out of 5 stars,More Like This,N/A,N/A,N/A,N/A
https://www.amazon.in/Safari-45L-21-OB-BLK/dp/B07BZ5VC4H,Safari Seek 45 Ltrs Overnighter Expandable Travel Laptop Backpack,"? 1,999",4.5 out of 5 stars,More Like This,N/A,N/A,N/A,N/A
https://www.amazon.in/Half-Moon-Waterproof-Backpack-Students/dp/B085MHDJ93,"Half Moon 35L Water Resistant 15.6 inch Laptop Bag for Men/Backpack for Men, Navy Blue | Office Bag for Men/Office Bag for Women with Padded Laptop Compartment | Rain Cover & Reflective Strips",? 529,3.9 out of 5 stars,More Like This,N/A,N/A,N/A,N/A
https://www.amazon.in/Wesley-Spartan-Hiking-Raincover-Organiser/dp/B098QFF5TJ,Wesley Spartan Unisex Travel Hiking Laptop Bag fits Upto 17.3 inch with Raincover and Internal Organiser Backpack Rucksack College Bag,? 698,4.1 out of 5 stars,"1,279",N/A,N/A,N/A,N/A
https://www.amazon.in/Lunars-Bingo-Laptop-Resistant-48L/dp/B08YZ8FFBZ,Lunar's Bingo - 48 L Laptop Office/School/Travel/Business Backpack Water Resistant - Fits Up to 15.6 Inch Laptop Notebook with 1 Year Warranty,? 899,3.9 out of 5 stars,More Like This,N/A,N/A,N/A,N/A
N/A,N/A,N/A,N/A,bags for girls,N/A,N/A,N/A,N/A
N/A,N/A,N/A,N/A,N/A,N/A,N/A,N/A,N/A
N/A,N/A,N/A,N/A,or,N/A,N/A,N/A,N/A
https://www.amazon.in/b/ref=sxts_spks_0_0_dbb31dc2-f6c4-487f-9f15-03751dec7efa?node=21102587031&pd_rd_w=LXBNu&content-id=amzn1.sym.dbb31dc2-f6c4-487f-9f15-03751dec7efa:amzn1.sym.dbb31dc2-f6c4-487f-9f15-03751dec7efa&pf_rd_p=dbb31dc2-f6c4-487f-9f15-03751dec7efa&pf_rd_r=3WG2PKEXTQ2QZMPVKYXT&pd_rd_wg=Sp24k&pd_rd_r=e514f2f6-1479-46a3-b5cc-f1a10dd45b8e&qid=1685107846,N/A,N/A,N/A,N/A,N/A,N/A,N/A,N/A
N/A,N/A,N/A,N/A,N/A,N/A,N/A,N/A,N/A
https://www.amazon.in/Wesley-Milestone-Waterproof-Backpack-Business/dp/B084JGJ8PF,Wesley Milestone 2.0 Casual Waterproof Laptop Backpack/Office Bag/School Bag/College Bag/Business Bag/Travel Backpack (Dimensions:13x18 inches) (Compatible with 39.62cm(15.6inch laptop) 30 L (Blue & black),? 598,4.3 out of 5 stars,"10,944",N/A,N/A,N/A,N/A
https://www.amazon.in/American-Tourister-AMT-SCH-02/dp/B07CJCGM1M,American Tourister 32 Ltrs Black Casual Backpack (AMT FIZZ SCH BAG 02 - BLACK),"? 1,199",4.0 out of 5 stars,More Like This,N/A,N/A,N/A,N/A
https://www.amazon.in/Skybags-Brat-Black-Casual-Backpack/dp/B08Z1HHHTD,Skybags Brat Black 46 Cms Casual Backpack,? 669,4.1 out of 5 stars,More Like This,N/A,N/A,N/A,N/A
https://www.amazon.in/School-Backpack-Cartoon-Travel-Toddler/dp/B08WWG91Q3?sbo=RZvfv%2F%2FHxDF%2BO5021pAnSA%3D%3D,N/A,? 448,4.0 out of 5 stars,Amazon’s private and select curated brands,N/A,N/A,N/A,N/A
https://www.amazon.in/School-Backpack-Cartoon-Travel-Toddler/dp/B08WWG91Q3?sbo=RZvfv%2F%2FHxDF%2BO5021pAnSA%3D%3D,N/A,? 448,4.0 out of 5 stars,More Like This,N/A,N/A,N/A,N/A
https://www.amazon.in/MosQuick%C2%AE-Drawstring-Organizing-Stationery-multipurpose/dp/B09SB42QFQ?sbo=EO%2BcdOgoisx3waG5xqcZQA%3D%3D,N/A,? 294,4.2 out of 5 stars,58,N/A,N/A,N/A,N/A
https://www.amazon.in/Backpack-Toddler-Animal-Cartoon-Travel/dp/B09H3H3898?sbo=RZvfv%2F%2FHxDF%2BO5021pAnSA%3D%3D,N/A,? 298,4.1 out of 5 stars,85,N/A,N/A,N/A,N/A
https://www.amazon.in/Blue-Tree-Velvet-Nursery-Travelling/dp/B07XJHP2C7?sbo=RZvfv%2F%2FHxDF%2BO5021pAnSA%3D%3D,N/A,? 298,4.1 out of 5 stars,More Like This,N/A,N/A,N/A,N/A
https://www.amazon.in/Amazon-Brand-Canvas-printed-stylish/dp/B0BX3PW42J?sbo=RZvfv%2F%2FHxDF%2BO5021pAnSA%3D%3D,N/A,? 349,4.5 out of 5 stars,2,N/A,N/A,N/A,N/A
https://www.amazon.in/School-Backpack-Cartoon-Travel-Toddler/dp/B08WWTHLTF?sbo=RZvfv%2F%2FHxDF%2BO5021pAnSA%3D%3D,N/A,? 415,5.0 out of 5 stars,More Like This,N/A,N/A,N/A,N/A
https://www.amazon.in/AmazonBasics-Foldable-Travel-Duffel-27-inch/dp/B01J24HEE4?sbo=RZvfv%2F%2FHxDF%2BO5021pAnSA%3D%3D,N/A,"? 1,699",4.4 out of 5 stars,More Like This,N/A,N/A,N/A,N/A
https://www.amazon.in/Blue-Tree-Backpack-Cartoon-Spiderman/dp/B08YP5HQVP?sbo=RZvfv%2F%2FHxDF%2BO5021pAnSA%3D%3D,N/A,? 415,5.0 out of 5 stars,More Like This,N/A,N/A,N/A,N/A
N/A,N/A,N/A,N/A,N/A,N/A,N/A,N/A,N/A
https://www.amazon.in/ADISA-Laptop-Backpack-Office-College/dp/B09TPX22NF,ADISA 15.6 inch Laptop Backpack Office Bag College Travel Back Pack 32 Ltrs (z-Navy Blue),? 499,3.9 out of 5 stars,806,N/A,N/A,N/A,N/A
https://www.amazon.in/American-Tourister-BACKPACK-COMPARTMENT-ORGANIZER/dp/B0BTD4FK9G,"American Tourister VALEX BLUE LAPTOP BACKPACK 28 Ltrs,Volume, LAPTOP COMPARTMENT, BOTTLE POCKET, FRONT ORGANIZER","? 1,299",4.2 out of 5 stars,More Like This,N/A,N/A,N/A,N/A
https://www.amazon.in/Number-Backpack-Compartment-Charging-Organizer/dp/B09VTDMRY7,"FUR JADEN Anti Theft Number Lock Backpack Bag with 15.6 Inch Laptop Compartment, USB Charging Port & Organizer Pocket for Men Women Boys Girls",? 699,4.0 out of 5 stars,More Like This,N/A,N/A,N/A,N/A
https://www.amazon.in/Number-Backpack-Compartment-Charging-Organizer/dp/B09VTCNN75,"FUR JADEN Anti Theft Number Lock Backpack Bag with 15.6 Inch Laptop Compartment, USB Charging Port & Organizer Pocket for Men Women Boys Girls",? 699,4.0 out of 5 stars,More Like This,N/A,N/A,N/A,N/A
https://www.amazon.in/SAFARI-Ltrs-Casual-Backpack-DAYPACKNEO15CBSEB/dp/B07Q7CNPMV,SAFARI 15 Ltrs Sea Blue Casual/School/College Backpack (DAYPACKNEO15CBSEB),? 248,4.0 out of 5 stars,"19,042",N/A,N/A,N/A,N/A
https://www.amazon.in/American-Tourister-BACKPACK-COMPARTMENT-ORGANIZER/dp/B0BTD4S4XF,"American Tourister VALEX BLACK LAPTOP BACKPACK 28 Ltrs,Volume, LAPTOP COMPARTMENT, BOTTLE POCKET, FRONT ORGANIZER","? 1,299",4.3 out of 5 stars,More Like This,N/A,N/A,N/A,N/A
https://www.amazon.in/Half-Moon-Resistant-Backpack-Compartment/dp/B0BJ32LQ6X,Half Moon Large 37L Laptop Bag Backpack for menं Women Boys and Girls Luggage Travel Bags with 17.3 inches Laptop Compartment & Rain Cover,? 749,3.9 out of 5 stars,More Like This,N/A,N/A,N/A,N/A
N/A,N/A,N/A,N/A,N/A,N/A,N/A,N/A,N/A
https://www.amazon.in/FUR-JADEN-Leatherette-Polypropylene-DUFF05/dp/B07M9BRCQ5,Fur Jaden Brown Textured Leatherette Stylish & Spacious Weekender Duffle Bag for Travel,? 899,4.3 out of 5 stars,More Like This,N/A,N/A,N/A,N/A
https://www.amazon.in/TRUE-HUMAN-Anti-Theft-backpack-charging/dp/B09QJ7ZF2Y,"TRUE HUMAN Emperor Anti-Theft backpack With USB charging Port Laptop Bag, Office bag, college bag and anti -theft back pocket (Black)",? 599,3.8 out of 5 stars,More Like This,N/A,N/A,N/A,N/A
https://www.amazon.in/Safari-45L-21-OB-BLK/dp/B07BZ5VC4H,Safari Seek 45 Ltrs Overnighter Expandable Travel Laptop Backpack,"? 1,999",4.5 out of 5 stars,More Like This,N/A,N/A,N/A,N/A
https://www.amazon.in/Half-Moon-Waterproof-Backpack-Students/dp/B085MHDJ93,"Half Moon 35L Water Resistant 15.6 inch Laptop Bag for Men/Backpack for Men, Navy Blue | Office Bag for Men/Office Bag for Women with Padded Laptop Compartment | Rain Cover & Reflective Strips",? 529,3.9 out of 5 stars,More Like This,N/A,N/A,N/A,N/A
https://www.amazon.in/Wesley-Spartan-Hiking-Raincover-Organiser/dp/B098QFF5TJ,Wesley Spartan Unisex Travel Hiking Laptop Bag fits Upto 17.3 inch with Raincover and Internal Organiser Backpack Rucksack College Bag,? 698,4.1 out of 5 stars,"1,279",N/A,N/A,N/A,N/A
https://www.amazon.in/Lunars-Bingo-Laptop-Resistant-48L/dp/B08YZ8FFBZ,Lunar's Bingo - 48 L Laptop Office/School/Travel/Business Backpack Water Resistant - Fits Up to 15.6 Inch Laptop Notebook with 1 Year Warranty,? 899,3.9 out of 5 stars,More Like This,N/A,N/A,N/A,N/A
N/A,N/A,N/A,N/A,bags for girls,N/A,N/A,N/A,N/A
N/A,N/A,N/A,N/A,N/A,N/A,N/A,N/A,N/A
N/A,N/A,N/A,N/A,or,N/A,N/A,N/A,N/A
https://www.amazon.in/b/ref=sxts_spks_0_0_dbb31dc2-f6c4-487f-9f15-03751dec7efa?node=21102587031&pd_rd_w=AwNbG&content-id=amzn1.sym.dbb31dc2-f6c4-487f-9f15-03751dec7efa:amzn1.sym.dbb31dc2-f6c4-487f-9f15-03751dec7efa&pf_rd_p=dbb31dc2-f6c4-487f-9f15-03751dec7efa&pf_rd_r=B62X475FJJB8MSJWCGHB&pd_rd_wg=ffgaR&pd_rd_r=dbe4a214-029a-4a20-b935-db7c21d6708c&qid=1685107853,N/A,N/A,N/A,N/A,N/A,N/A,N/A,N/A
N/A,N/A,N/A,N/A,N/A,N/A,N/A,N/A,N/A
https://www.amazon.in/Wesley-Milestone-Waterproof-Backpack-Business/dp/B084JGJ8PF,Wesley Milestone 2.0 Casual Waterproof Laptop Backpack/Office Bag/School Bag/College Bag/Business Bag/Travel Backpack (Dimensions:13x18 inches) (Compatible with 39.62cm(15.6inch laptop) 30 L (Blue & black),? 598,4.3 out of 5 stars,"10,944",N/A,N/A,N/A,N/A
https://www.amazon.in/American-Tourister-AMT-SCH-02/dp/B07CJCGM1M,American Tourister 32 Ltrs Black Casual Backpack (AMT FIZZ SCH BAG 02 - BLACK),"? 1,199",4.0 out of 5 stars,More Like This,American Tourister 32 Ltrs Black Casual Backpack (AMT FIZZ SCH BAG 02 - BLACK),N/A,N/A,Visit the American Tourister Store
https://www.amazon.in/Skybags-Brat-Black-Casual-Backpack/dp/B08Z1HHHTD,Skybags Brat Black 46 Cms Casual Backpack,? 669,4.1 out of 5 stars,More Like This,Skybags Brat Black 46 Cms Casual Backpack,N/A,"Ideal for a college student who does not carry a lot of books or laptop to college. Very stylish, slim and feature loaded Backpack",Visit the Skybags Store
https://www.amazon.in/School-Backpack-Cartoon-Travel-Toddler/dp/B08WWG91Q3?sbo=RZvfv%2F%2FHxDF%2BO5021pAnSA%3D%3D,N/A,? 448,4.0 out of 5 stars,Amazon’s private and select curated brands,N/A,N/A,N/A,N/A
https://www.amazon.in/School-Backpack-Cartoon-Travel-Toddler/dp/B08WWG91Q3?sbo=RZvfv%2F%2FHxDF%2BO5021pAnSA%3D%3D,N/A,? 448,4.0 out of 5 stars,More Like This,N/A,N/A,N/A,N/A
https://www.amazon.in/MosQuick%C2%AE-Drawstring-Organizing-Stationery-multipurpose/dp/B09SB42QFQ?sbo=EO%2BcdOgoisx3waG5xqcZQA%3D%3D,N/A,? 294,4.2 out of 5 stars,58,N/A,N/A,N/A,N/A
https://www.amazon.in/Backpack-Toddler-Animal-Cartoon-Travel/dp/B09H3H3898?sbo=RZvfv%2F%2FHxDF%2BO5021pAnSA%3D%3D,N/A,? 298,4.1 out of 5 stars,85,N/A,N/A,N/A,N/A
https://www.amazon.in/Blue-Tree-Velvet-Nursery-Travelling/dp/B07XJHP2C7?sbo=RZvfv%2F%2FHxDF%2BO5021pAnSA%3D%3D,N/A,? 298,4.1 out of 5 stars,More Like This,N/A,N/A,N/A,N/A
https://www.amazon.in/Amazon-Brand-Canvas-printed-stylish/dp/B0BX3PW42J?sbo=RZvfv%2F%2FHxDF%2BO5021pAnSA%3D%3D,N/A,? 349,4.5 out of 5 stars,2,N/A,N/A,N/A,N/A
https://www.amazon.in/School-Backpack-Cartoon-Travel-Toddler/dp/B08WWTHLTF?sbo=RZvfv%2F%2FHxDF%2BO5021pAnSA%3D%3D,N/A,? 415,5.0 out of 5 stars,More Like This,N/A,N/A,N/A,N/A
https://www.amazon.in/AmazonBasics-Foldable-Travel-Duffel-27-inch/dp/B01J24HEE4?sbo=RZvfv%2F%2FHxDF%2BO5021pAnSA%3D%3D,N/A,"? 1,699",4.4 out of 5 stars,More Like This,N/A,N/A,N/A,N/A
https://www.amazon.in/Blue-Tree-Backpack-Cartoon-Spiderman/dp/B08YP5HQVP?sbo=RZvfv%2F%2FHxDF%2BO5021pAnSA%3D%3D,N/A,? 415,5.0 out of 5 stars,More Like This,N/A,N/A,N/A,N/A
N/A,N/A,N/A,N/A,N/A,N/A,N/A,N/A,N/A
https://www.amazon.in/ADISA-Laptop-Backpack-Office-College/dp/B09TPX22NF,ADISA 15.6 inch Laptop Backpack Office Bag College Travel Back Pack 32 Ltrs (z-Navy Blue),? 499,3.9 out of 5 stars,806,N/A,N/A,N/A,N/A
https://www.amazon.in/American-Tourister-BACKPACK-COMPARTMENT-ORGANIZER/dp/B0BTD4FK9G,"American Tourister VALEX BLUE LAPTOP BACKPACK 28 Ltrs,Volume, LAPTOP COMPARTMENT, BOTTLE POCKET, FRONT ORGANIZER","? 1,299",4.2 out of 5 stars,More Like This,N/A,N/A,N/A,N/A
https://www.amazon.in/Number-Backpack-Compartment-Charging-Organizer/dp/B09VTDMRY7,"FUR JADEN Anti Theft Number Lock Backpack Bag with 15.6 Inch Laptop Compartment, USB Charging Port & Organizer Pocket for Men Women Boys Girls",? 699,4.0 out of 5 stars,More Like This,N/A,N/A,N/A,N/A
https://www.amazon.in/Number-Backpack-Compartment-Charging-Organizer/dp/B09VTCNN75,"FUR JADEN Anti Theft Number Lock Backpack Bag with 15.6 Inch Laptop Compartment, USB Charging Port & Organizer Pocket for Men Women Boys Girls",? 699,4.0 out of 5 stars,More Like This,N/A,N/A,N/A,N/A
https://www.amazon.in/SAFARI-Ltrs-Casual-Backpack-DAYPACKNEO15CBSEB/dp/B07Q7CNPMV,SAFARI 15 Ltrs Sea Blue Casual/School/College Backpack (DAYPACKNEO15CBSEB),? 248,4.0 out of 5 stars,"19,042",N/A,N/A,N/A,N/A
https://www.amazon.in/American-Tourister-BACKPACK-COMPARTMENT-ORGANIZER/dp/B0BTD4S4XF,"American Tourister VALEX BLACK LAPTOP BACKPACK 28 Ltrs,Volume, LAPTOP COMPARTMENT, BOTTLE POCKET, FRONT ORGANIZER","? 1,299",4.3 out of 5 stars,More Like This,N/A,N/A,N/A,N/A
https://www.amazon.in/Half-Moon-Resistant-Backpack-Compartment/dp/B0BJ32LQ6X,Half Moon Large 37L Laptop Bag Backpack for menं Women Boys and Girls Luggage Travel Bags with 17.3 inches Laptop Compartment & Rain Cover,? 749,3.9 out of 5 stars,More Like This,N/A,N/A,N/A,N/A
N/A,N/A,N/A,N/A,N/A,N/A,N/A,N/A,N/A
https://www.amazon.in/FUR-JADEN-Leatherette-Polypropylene-DUFF05/dp/B07M9BRCQ5,Fur Jaden Brown Textured Leatherette Stylish & Spacious Weekender Duffle Bag for Travel,? 899,4.3 out of 5 stars,More Like This,N/A,N/A,N/A,N/A
https://www.amazon.in/TRUE-HUMAN-Anti-Theft-backpack-charging/dp/B09QJ7ZF2Y,"TRUE HUMAN Emperor Anti-Theft backpack With USB charging Port Laptop Bag, Office bag, college bag and anti -theft back pocket (Black)",? 599,3.8 out of 5 stars,More Like This,N/A,N/A,N/A,N/A
https://www.amazon.in/Safari-45L-21-OB-BLK/dp/B07BZ5VC4H,Safari Seek 45 Ltrs Overnighter Expandable Travel Laptop Backpack,"? 1,999",4.5 out of 5 stars,More Like This,N/A,N/A,N/A,N/A
https://www.amazon.in/Half-Moon-Waterproof-Backpack-Students/dp/B085MHDJ93,"Half Moon 35L Water Resistant 15.6 inch Laptop Bag for Men/Backpack for Men, Navy Blue | Office Bag for Men/Office Bag for Women with Padded Laptop Compartment | Rain Cover & Reflective Strips",? 529,3.9 out of 5 stars,More Like This,N/A,N/A,N/A,N/A
https://www.amazon.in/Wesley-Spartan-Hiking-Raincover-Organiser/dp/B098QFF5TJ,Wesley Spartan Unisex Travel Hiking Laptop Bag fits Upto 17.3 inch with Raincover and Internal Organiser Backpack Rucksack College Bag,? 698,4.1 out of 5 stars,"1,279",N/A,N/A,N/A,N/A
https://www.amazon.in/Lunars-Bingo-Laptop-Resistant-48L/dp/B08YZ8FFBZ,Lunar's Bingo - 48 L Laptop Office/School/Travel/Business Backpack Water Resistant - Fits Up to 15.6 Inch Laptop Notebook with 1 Year Warranty,? 899,3.9 out of 5 stars,More Like This,N/A,N/A,N/A,N/A
N/A,N/A,N/A,N/A,bags for girls,N/A,N/A,N/A,N/A
N/A,N/A,N/A,N/A,N/A,N/A,N/A,N/A,N/A
N/A,N/A,N/A,N/A,or,N/A,N/A,N/A,N/A
https://www.amazon.in/b/ref=sxts_spks_0_0_5b47f725-4fa5-48ae-98f9-662935e233b4?node=21102587031&pd_rd_w=ERjDY&content-id=amzn1.sym.5b47f725-4fa5-48ae-98f9-662935e233b4:amzn1.sym.5b47f725-4fa5-48ae-98f9-662935e233b4&pf_rd_p=5b47f725-4fa5-48ae-98f9-662935e233b4&pf_rd_r=6ABB7J8G9W5G8X7E0V0K&pd_rd_wg=7YQuG&pd_rd_r=94b4e5b5-8960-4ca0-92f7-7937841f9c88&qid=1685107866,N/A,N/A,N/A,N/A,N/A,N/A,N/A,N/A
N/A,N/A,N/A,N/A,N/A,N/A,N/A,N/A,N/A
https://www.amazon.in/Wesley-Milestone-Waterproof-Backpack-Business/dp/B084JGJ8PF,Wesley Milestone 2.0 Casual Waterproof Laptop Backpack/Office Bag/School Bag/College Bag/Business Bag/Travel Backpack (Dimensions:13x18 inches) (Compatible with 39.62cm(15.6inch laptop) 30 L (Blue & black),? 598,4.3 out of 5 stars,"10,944",Wesley Milestone 2.0 Casual Waterproof Laptop Backpack/Office Bag/School Bag/College Bag/Business Bag/Travel Backpack (Dimensions:13x18 inches) (Compatible with 39.62cm(15.6inch laptop) 30 L (Blue & black),N/A,N/A,Brand: Wesley
https://www.amazon.in/American-Tourister-AMT-SCH-02/dp/B07CJCGM1M,American Tourister 32 Ltrs Black Casual Backpack (AMT FIZZ SCH BAG 02 - BLACK),"? 1,199",4.0 out of 5 stars,More Like This,N/A,N/A,N/A,N/A
https://www.amazon.in/Skybags-Brat-Black-Casual-Backpack/dp/B08Z1HHHTD,Skybags Brat Black 46 Cms Casual Backpack,? 669,4.1 out of 5 stars,More Like This,N/A,N/A,N/A,N/A
https://www.amazon.in/School-Backpack-Cartoon-Travel-Toddler/dp/B08WWG91Q3?sbo=RZvfv%2F%2FHxDF%2BO5021pAnSA%3D%3D,N/A,? 448,4.0 out of 5 stars,Amazon’s private and select curated brands,N/A,N/A,N/A,N/A
https://www.amazon.in/School-Backpack-Cartoon-Travel-Toddler/dp/B08WWG91Q3?sbo=RZvfv%2F%2FHxDF%2BO5021pAnSA%3D%3D,N/A,? 448,4.0 out of 5 stars,More Like This,N/A,N/A,N/A,N/A
https://www.amazon.in/MosQuick%C2%AE-Drawstring-Organizing-Stationery-multipurpose/dp/B09SB42QFQ?sbo=EO%2BcdOgoisx3waG5xqcZQA%3D%3D,N/A,? 294,4.2 out of 5 stars,58,N/A,N/A,N/A,N/A
https://www.amazon.in/Backpack-Toddler-Animal-Cartoon-Travel/dp/B09H3H3898?sbo=RZvfv%2F%2FHxDF%2BO5021pAnSA%3D%3D,N/A,? 298,4.1 out of 5 stars,85,N/A,N/A,N/A,N/A
https://www.amazon.in/Blue-Tree-Velvet-Nursery-Travelling/dp/B07XJHP2C7?sbo=RZvfv%2F%2FHxDF%2BO5021pAnSA%3D%3D,N/A,? 298,4.1 out of 5 stars,More Like This,N/A,N/A,N/A,N/A
https://www.amazon.in/Amazon-Brand-Canvas-printed-stylish/dp/B0BX3PW42J?sbo=RZvfv%2F%2FHxDF%2BO5021pAnSA%3D%3D,N/A,? 349,4.5 out of 5 stars,2,N/A,N/A,N/A,N/A
https://www.amazon.in/School-Backpack-Cartoon-Travel-Toddler/dp/B08WWTHLTF?sbo=RZvfv%2F%2FHxDF%2BO5021pAnSA%3D%3D,N/A,? 415,5.0 out of 5 stars,More Like This,N/A,N/A,N/A,N/A
https://www.amazon.in/AmazonBasics-Foldable-Travel-Duffel-27-inch/dp/B01J24HEE4?sbo=RZvfv%2F%2FHxDF%2BO5021pAnSA%3D%3D,N/A,"? 1,699",4.4 out of 5 stars,More Like This,N/A,N/A,N/A,N/A
https://www.amazon.in/Blue-Tree-Backpack-Cartoon-Spiderman/dp/B08YP5HQVP?sbo=RZvfv%2F%2FHxDF%2BO5021pAnSA%3D%3D,N/A,? 415,5.0 out of 5 stars,More Like This,N/A,N/A,N/A,N/A
N/A,N/A,N/A,N/A,N/A,N/A,N/A,N/A,N/A
https://www.amazon.in/ADISA-Laptop-Backpack-Office-College/dp/B09TPX22NF,ADISA 15.6 inch Laptop Backpack Office Bag College Travel Back Pack 32 Ltrs (z-Navy Blue),? 499,3.9 out of 5 stars,806,N/A,N/A,N/A,N/A
https://www.amazon.in/American-Tourister-BACKPACK-COMPARTMENT-ORGANIZER/dp/B0BTD4FK9G,"American Tourister VALEX BLUE LAPTOP BACKPACK 28 Ltrs,Volume, LAPTOP COMPARTMENT, BOTTLE POCKET, FRONT ORGANIZER","? 1,299",4.2 out of 5 stars,More Like This,N/A,N/A,N/A,N/A
https://www.amazon.in/Number-Backpack-Compartment-Charging-Organizer/dp/B09VTDMRY7,"FUR JADEN Anti Theft Number Lock Backpack Bag with 15.6 Inch Laptop Compartment, USB Charging Port & Organizer Pocket for Men Women Boys Girls",? 699,4.0 out of 5 stars,More Like This,N/A,N/A,N/A,N/A
https://www.amazon.in/Number-Backpack-Compartment-Charging-Organizer/dp/B09VTCNN75,"FUR JADEN Anti Theft Number Lock Backpack Bag with 15.6 Inch Laptop Compartment, USB Charging Port & Organizer Pocket for Men Women Boys Girls",? 699,4.0 out of 5 stars,More Like This,N/A,N/A,N/A,N/A
https://www.amazon.in/SAFARI-Ltrs-Casual-Backpack-DAYPACKNEO15CBSEB/dp/B07Q7CNPMV,SAFARI 15 Ltrs Sea Blue Casual/School/College Backpack (DAYPACKNEO15CBSEB),? 248,4.0 out of 5 stars,"19,042",N/A,N/A,N/A,N/A
https://www.amazon.in/American-Tourister-BACKPACK-COMPARTMENT-ORGANIZER/dp/B0BTD4S4XF,"American Tourister VALEX BLACK LAPTOP BACKPACK 28 Ltrs,Volume, LAPTOP COMPARTMENT, BOTTLE POCKET, FRONT ORGANIZER","? 1,299",4.3 out of 5 stars,More Like This,N/A,N/A,N/A,N/A
https://www.amazon.in/Half-Moon-Resistant-Backpack-Compartment/dp/B0BJ32LQ6X,Half Moon Large 37L Laptop Bag Backpack for menं Women Boys and Girls Luggage Travel Bags with 17.3 inches Laptop Compartment & Rain Cover,? 749,3.9 out of 5 stars,More Like This,N/A,N/A,N/A,N/A
N/A,N/A,N/A,N/A,N/A,N/A,N/A,N/A,N/A
https://www.amazon.in/FUR-JADEN-Leatherette-Polypropylene-DUFF05/dp/B07M9BRCQ5,Fur Jaden Brown Textured Leatherette Stylish & Spacious Weekender Duffle Bag for Travel,? 899,4.3 out of 5 stars,More Like This,N/A,N/A,N/A,N/A
https://www.amazon.in/TRUE-HUMAN-Anti-Theft-backpack-charging/dp/B09QJ7ZF2Y,"TRUE HUMAN Emperor Anti-Theft backpack With USB charging Port Laptop Bag, Office bag, college bag and anti -theft back pocket (Black)",? 599,3.8 out of 5 stars,More Like This,N/A,N/A,N/A,N/A
https://www.amazon.in/Safari-45L-21-OB-BLK/dp/B07BZ5VC4H,Safari Seek 45 Ltrs Overnighter Expandable Travel Laptop Backpack,"? 1,999",4.5 out of 5 stars,More Like This,N/A,N/A,N/A,N/A
https://www.amazon.in/Half-Moon-Waterproof-Backpack-Students/dp/B085MHDJ93,"Half Moon 35L Water Resistant 15.6 inch Laptop Bag for Men/Backpack for Men, Navy Blue | Office Bag for Men/Office Bag for Women with Padded Laptop Compartment | Rain Cover & Reflective Strips",? 529,3.9 out of 5 stars,More Like This,"Half Moon 35L Water Resistant 15.6 inch Laptop Bag for Men/Backpack for Men, Navy Blue | Office Bag for Men/Office Bag for Women with Padded Laptop Compartment | Rain Cover & Reflective Strips",N/A,N/A,Visit the Half Moon Store
https://www.amazon.in/Wesley-Spartan-Hiking-Raincover-Organiser/dp/B098QFF5TJ,Wesley Spartan Unisex Travel Hiking Laptop Bag fits Upto 17.3 inch with Raincover and Internal Organiser Backpack Rucksack College Bag,? 698,4.1 out of 5 stars,"1,279",Wesley Spartan Unisex Travel Hiking Laptop Bag fits Upto 17.3 inch with Raincover and Internal Organiser Backpack Rucksack College Bag,N/A,Wesley Spartan Unisex Travel Hiking Laptop Bag fits Upto 17.3 inch with Raincover and Internal Organiser Backpack Rucksack College Bag,Brand: Wesley
https://www.amazon.in/Lunars-Bingo-Laptop-Resistant-48L/dp/B08YZ8FFBZ,Lunar's Bingo - 48 L Laptop Office/School/Travel/Business Backpack Water Resistant - Fits Up to 15.6 Inch Laptop Notebook with 1 Year Warranty,? 899,3.9 out of 5 stars,More Like This,N/A,N/A,N/A,N/A
N/A,N/A,N/A,N/A,bags for girls,N/A,N/A,N/A,N/A
N/A,N/A,N/A,N/A,N/A,N/A,N/A,N/A,N/A
N/A,N/A,N/A,N/A,or,N/A,N/A,N/A,N/A
https://www.amazon.in/b/ref=sxts_spks_0_0_5b47f725-4fa5-48ae-98f9-662935e233b4?node=21102587031&pd_rd_w=ZVAXB&content-id=amzn1.sym.5b47f725-4fa5-48ae-98f9-662935e233b4:amzn1.sym.5b47f725-4fa5-48ae-98f9-662935e233b4&pf_rd_p=5b47f725-4fa5-48ae-98f9-662935e233b4&pf_rd_r=JZ2Q6VXDE9YAK61QK8WV&pd_rd_wg=8VsxE&pd_rd_r=2da3c99a-b688-4c87-93d5-cb1b25e403dc&qid=1685107883,N/A,N/A,N/A,N/A,N/A,N/A,N/A,N/A
N/A,N/A,N/A,N/A,N/A,N/A,N/A,N/A,N/A
https://www.amazon.in/Wesley-Milestone-Waterproof-Backpack-Business/dp/B084JGJ8PF,Wesley Milestone 2.0 Casual Waterproof Laptop Backpack/Office Bag/School Bag/College Bag/Business Bag/Travel Backpack (Dimensions:13x18 inches) (Compatible with 39.62cm(15.6inch laptop) 30 L (Blue & black),? 598,4.3 out of 5 stars,"10,944",N/A,N/A,N/A,N/A
https://www.amazon.in/American-Tourister-AMT-SCH-02/dp/B07CJCGM1M,American Tourister 32 Ltrs Black Casual Backpack (AMT FIZZ SCH BAG 02 - BLACK),"? 1,199",4.0 out of 5 stars,More Like This,N/A,N/A,N/A,N/A
https://www.amazon.in/Skybags-Brat-Black-Casual-Backpack/dp/B08Z1HHHTD,Skybags Brat Black 46 Cms Casual Backpack,? 669,4.1 out of 5 stars,More Like This,N/A,N/A,N/A,N/A
https://www.amazon.in/School-Backpack-Cartoon-Travel-Toddler/dp/B08WWG91Q3?sbo=RZvfv%2F%2FHxDF%2BO5021pAnSA%3D%3D,N/A,? 448,4.0 out of 5 stars,Amazon’s private and select curated brands,N/A,N/A,N/A,N/A
https://www.amazon.in/School-Backpack-Cartoon-Travel-Toddler/dp/B08WWG91Q3?sbo=RZvfv%2F%2FHxDF%2BO5021pAnSA%3D%3D,N/A,? 448,4.0 out of 5 stars,More Like This,N/A,N/A,N/A,N/A
https://www.amazon.in/MosQuick%C2%AE-Drawstring-Organizing-Stationery-multipurpose/dp/B09SB42QFQ?sbo=EO%2BcdOgoisx3waG5xqcZQA%3D%3D,N/A,? 294,4.2 out of 5 stars,58,N/A,N/A,N/A,N/A
https://www.amazon.in/Backpack-Toddler-Animal-Cartoon-Travel/dp/B09H3H3898?sbo=RZvfv%2F%2FHxDF%2BO5021pAnSA%3D%3D,N/A,? 298,4.1 out of 5 stars,85,N/A,N/A,N/A,N/A
https://www.amazon.in/Blue-Tree-Velvet-Nursery-Travelling/dp/B07XJHP2C7?sbo=RZvfv%2F%2FHxDF%2BO5021pAnSA%3D%3D,N/A,? 298,4.1 out of 5 stars,More Like This,N/A,N/A,N/A,N/A
https://www.amazon.in/Amazon-Brand-Canvas-printed-stylish/dp/B0BX3PW42J?sbo=RZvfv%2F%2FHxDF%2BO5021pAnSA%3D%3D,N/A,? 349,4.5 out of 5 stars,2,N/A,N/A,N/A,N/A
https://www.amazon.in/School-Backpack-Cartoon-Travel-Toddler/dp/B08WWTHLTF?sbo=RZvfv%2F%2FHxDF%2BO5021pAnSA%3D%3D,N/A,? 415,5.0 out of 5 stars,More Like This,N/A,N/A,N/A,N/A
https://www.amazon.in/AmazonBasics-Foldable-Travel-Duffel-27-inch/dp/B01J24HEE4?sbo=RZvfv%2F%2FHxDF%2BO5021pAnSA%3D%3D,N/A,"? 1,699",4.4 out of 5 stars,More Like This,N/A,N/A,N/A,N/A
https://www.amazon.in/Blue-Tree-Backpack-Cartoon-Spiderman/dp/B08YP5HQVP?sbo=RZvfv%2F%2FHxDF%2BO5021pAnSA%3D%3D,N/A,? 415,5.0 out of 5 stars,More Like This,N/A,N/A,N/A,N/A
N/A,N/A,N/A,N/A,N/A,N/A,N/A,N/A,N/A
https://www.amazon.in/ADISA-Laptop-Backpack-Office-College/dp/B09TPX22NF,ADISA 15.6 inch Laptop Backpack Office Bag College Travel Back Pack 32 Ltrs (z-Navy Blue),? 499,3.9 out of 5 stars,806,N/A,N/A,N/A,N/A
https://www.amazon.in/American-Tourister-BACKPACK-COMPARTMENT-ORGANIZER/dp/B0BTD4FK9G,"American Tourister VALEX BLUE LAPTOP BACKPACK 28 Ltrs,Volume, LAPTOP COMPARTMENT, BOTTLE POCKET, FRONT ORGANIZER","? 1,299",4.2 out of 5 stars,More Like This,N/A,N/A,N/A,N/A
https://www.amazon.in/Number-Backpack-Compartment-Charging-Organizer/dp/B09VTDMRY7,"FUR JADEN Anti Theft Number Lock Backpack Bag with 15.6 Inch Laptop Compartment, USB Charging Port & Organizer Pocket for Men Women Boys Girls",? 699,4.0 out of 5 stars,More Like This,N/A,N/A,N/A,N/A
https://www.amazon.in/Number-Backpack-Compartment-Charging-Organizer/dp/B09VTCNN75,"FUR JADEN Anti Theft Number Lock Backpack Bag with 15.6 Inch Laptop Compartment, USB Charging Port & Organizer Pocket for Men Women Boys Girls",? 699,4.0 out of 5 stars,More Like This,N/A,N/A,N/A,N/A
https://www.amazon.in/SAFARI-Ltrs-Casual-Backpack-DAYPACKNEO15CBSEB/dp/B07Q7CNPMV,SAFARI 15 Ltrs Sea Blue Casual/School/College Backpack (DAYPACKNEO15CBSEB),? 248,4.0 out of 5 stars,"19,042",N/A,N/A,N/A,N/A
https://www.amazon.in/American-Tourister-BACKPACK-COMPARTMENT-ORGANIZER/dp/B0BTD4S4XF,"American Tourister VALEX BLACK LAPTOP BACKPACK 28 Ltrs,Volume, LAPTOP COMPARTMENT, BOTTLE POCKET, FRONT ORGANIZER","? 1,299",4.3 out of 5 stars,More Like This,N/A,N/A,N/A,N/A
https://www.amazon.in/Half-Moon-Resistant-Backpack-Compartment/dp/B0BJ32LQ6X,Half Moon Large 37L Laptop Bag Backpack for menं Women Boys and Girls Luggage Travel Bags with 17.3 inches Laptop Compartment & Rain Cover,? 749,3.9 out of 5 stars,More Like This,N/A,N/A,N/A,N/A
N/A,N/A,N/A,N/A,N/A,N/A,N/A,N/A,N/A
https://www.amazon.in/FUR-JADEN-Leatherette-Polypropylene-DUFF05/dp/B07M9BRCQ5,Fur Jaden Brown Textured Leatherette Stylish & Spacious Weekender Duffle Bag for Travel,? 899,4.3 out of 5 stars,More Like This,N/A,N/A,N/A,N/A
https://www.amazon.in/TRUE-HUMAN-Anti-Theft-backpack-charging/dp/B09QJ7ZF2Y,"TRUE HUMAN Emperor Anti-Theft backpack With USB charging Port Laptop Bag, Office bag, college bag and anti -theft back pocket (Black)",? 599,3.8 out of 5 stars,More Like This,N/A,N/A,N/A,N/A
https://www.amazon.in/Safari-45L-21-OB-BLK/dp/B07BZ5VC4H,Safari Seek 45 Ltrs Overnighter Expandable Travel Laptop Backpack,"? 1,999",4.5 out of 5 stars,More Like This,N/A,N/A,N/A,N/A
https://www.amazon.in/Half-Moon-Waterproof-Backpack-Students/dp/B085MHDJ93,"Half Moon 35L Water Resistant 15.6 inch Laptop Bag for Men/Backpack for Men, Navy Blue | Office Bag for Men/Office Bag for Women with Padded Laptop Compartment | Rain Cover & Reflective Strips",? 529,3.9 out of 5 stars,More Like This,N/A,N/A,N/A,N/A
https://www.amazon.in/Wesley-Spartan-Hiking-Raincover-Organiser/dp/B098QFF5TJ,Wesley Spartan Unisex Travel Hiking Laptop Bag fits Upto 17.3 inch with Raincover and Internal Organiser Backpack Rucksack College Bag,? 698,4.1 out of 5 stars,"1,279",N/A,N/A,N/A,N/A
https://www.amazon.in/Lunars-Bingo-Laptop-Resistant-48L/dp/B08YZ8FFBZ,Lunar's Bingo - 48 L Laptop Office/School/Travel/Business Backpack Water Resistant - Fits Up to 15.6 Inch Laptop Notebook with 1 Year Warranty,? 899,3.9 out of 5 stars,More Like This,N/A,N/A,N/A,N/A
N/A,N/A,N/A,N/A,bags for girls,N/A,N/A,N/A,N/A
N/A,N/A,N/A,N/A,N/A,N/A,N/A,N/A,N/A
N/A,N/A,N/A,N/A,or,N/A,N/A,N/A,N/A
